pitch_type,pitch_id,game_date,start_speed,x0,z0,player_name,batter,pitcher,events,description,spin_dir,spin_rate,break_angle,break_length,zone,des,game_type,stand,p_throws,home_team,away_team,type,hit_location,bb_type,balls,strikes,game_year,pfx_x,pfx_z,px,pz,on_3b,on_2b,on_1b,outs_when_up,inning,inning_topbot,hc_x,hc_y,tfs,tfs_zulu,catcher,umpire,sv_id,vx0,vy0,vz0,ax,ay,az,sz_top,sz_bot,hit_distance_sc,hit_speed,hit_angle,effective_speed,release_spin_rate,release_extension,game_pk
CU,298,2017-04-09,82.11,-0.720570363833316,6.34218821926349,Noah Syndergaard,450172,592789,Sac Bunt,In play out(s),76.617,215.876,-3.1,9.4,4,Edinson Volquez out on a sacrifice bunt catcher Rene Rivera to second baseman Neil Walker.   Derek Dietrich to 3rd.    Miguel Rojas to 2nd.,R ,R,R,NYM,MIA,X,2,4,1,2,2017,1.206088744004772,-0.286904231374477,-0.414785981786959,2.25790845824709,null,518618,500743,1,5,top,128.87,196.02,14019,2017-04-10T01:40:19Z,425784,427413,170410_014028,0.35,-119.238339246014,-2.65,1.73,24.2,-32.58,3.32,1.51,null,null,null,80.84,2038,5.65,490185
SI,294,2017-04-09,96.42,-0.734704198118909,6.12987263364716,Noah Syndergaard,450172,592789,Sac Bunt,Foul Bunt,220.97,2822.05,51.5,4.4,4,Edinson Volquez out on a sacrifice bunt catcher Rene Rivera to second baseman Neil Walker.   Derek Dietrich to 3rd.    Miguel Rojas to 2nd.,R ,R,R,NYM,MIA,S,2,4,0,0,2017,-9.018484011647617,10.385058763006825,-0.286692509820429,2.56503322041753,null,518618,500743,1,5,top,128.87,196.02,13750,2017-04-10T01:37:50Z,425784,427413,170410_013756,4.47,-139.79075548072,-7.72,-17.83,31.78,-11.64,3.32,1.51,null,null,null,95.41,2135,5.92,490185
SL,295,2017-04-09,91.88,-0.560852855291485,6.25098591836054,Noah Syndergaard,450172,592789,Sac Bunt,Ball,178.956,1186.217,-2.3,5,12,Edinson Volquez out on a sacrifice bunt catcher Rene Rivera to second baseman Neil Walker.   Derek Dietrich to 3rd.    Miguel Rojas to 2nd.,R ,R,R,NYM,MIA,B,2,4,0,1,2017,0.1100448981074868,6.025966850898984,0.82574303596883,2.60650610980541,null,518618,500743,1,5,top,128.87,196.02,13823,2017-04-10T01:38:23Z,425784,427413,170410_013830,3.62,-133.477313647626,-5.59,0.2,27.73,-21.26,3.32,1.51,null,null,null,91.84,2049,6.27,490185
SL,297,2017-04-09,89.92,-0.650540307687466,6.20172149231333,Noah Syndergaard,450172,592789,Sac Bunt,Called Strike,205.511,938.568,6.6,6.1,6,Edinson Volquez out on a sacrifice bunt catcher Rene Rivera to second baseman Neil Walker.   Derek Dietrich to 3rd.    Miguel Rojas to 2nd.,R ,R,R,NYM,MIA,S,2,4,1,1,2017,-2.107770577119612,4.41659262904476,0.413419186774918,2.21463638106072,null,518618,500743,1,5,top,128.87,196.02,13935,2017-04-10T01:39:35Z,425784,427413,170410_013940,3.45,-130.594444807826,-5.52,-3.64,27.59,-24.55,3.32,1.51,null,null,null,89.66,2084,6.23,490185
SL,406,2017-04-09,91.56,-0.600134393424658,6.22705800841433,Noah Syndergaard,518618,592789,Groundout,Ball,187.642,822.105,0.3,5.8,14,Derek Dietrich grounds out first baseman Lucas Duda to pitcher Noah Syndergaard.  ,R ,L,R,NYM,MIA,B,3,4,2,2,2017,-0.554079903725468,4.128430668049056,1.18907233005158,2.04989086267198,null,null,null,2,7,top,126.93,201.52,21456,2017-04-10T02:14:56Z,425784,427413,170410_021502,4.91,-132.971817394563,-6.33,-1,25.75,-24.71,3.41,1.57,null,null,null,91.09,2164,5.89,490185
CH,407,2017-04-09,89.08,-0.467912180248972,6.19669994927547,Noah Syndergaard,518618,592789,Groundout,In play out(s),242.42,2380.68,38.3,7,11,Derek Dietrich grounds out first baseman Lucas Duda to pitcher Noah Syndergaard.  ,R ,L,R,NYM,MIA,X,3,4,3,2,2017,-11.05818622324741,5.776036754732412,-0.768694481646629,2.95168537409242,null,null,null,2,7,top,126.93,201.52,21521,2017-04-10T02:15:21Z,425784,427413,170410_021526,2.91,-129.551759144899,-3.95,-18.84,26.39,-22.33,3.41,1.57,7,69.7,-21.38,89.21,1618,6.34,490185
CU,402,2017-04-09,85.47,-0.672082271633429,6.18772748864299,Noah Syndergaard,518618,592789,Groundout,Ball,80.507,494.187,-7.2,9.1,14,Derek Dietrich grounds out first baseman Lucas Duda to pitcher Noah Syndergaard.  ,R ,L,R,NYM,MIA,B,3,4,0,0,2017,2.694126051691692,-0.450486665404963,0.143288563996808,0.351430144422532,null,null,null,2,7,top,126.93,201.52,21330,2017-04-10T02:13:30Z,425784,427413,170410_021335,1.14,-123.995230259522,-7.51,4.17,26.37,-32.87,3.41,1.57,null,null,null,84.09,2267,5.69,490185
SI,403,2017-04-09,97.57,-0.518301083273151,6.30289464353877,Noah Syndergaard,518618,592789,Groundout,Ball,225.249,2700.902,50.2,4.5,12,Derek Dietrich grounds out first baseman Lucas Duda to pitcher Noah Syndergaard.  ,R ,L,R,NYM,MIA,B,3,4,1,0,2017,-9.194770928056055,9.114924838999176,0.303315153436882,3.88005480081166,null,null,null,2,7,top,126.93,201.52,21354,2017-04-10T02:13:54Z,425784,427413,170410_021358,5.65,-141.672253576651,-4.35,-18.73,31.66,-13.61,3.41,1.57,null,null,null,97.11,2282,6.09,490185
SL,404,2017-04-09,91.77,-0.456379220202436,6.17321090579025,Noah Syndergaard,518618,592789,Groundout,Called Strike,174.07,643.206,-2,6,6,Derek Dietrich grounds out first baseman Lucas Duda to pitcher Noah Syndergaard.  ,R ,L,R,NYM,MIA,S,3,4,2,0,2017,0.3331411905306948,3.2065289299431483,0.328635168278263,2.26956466412923,null,null,null,2,7,top,126.93,201.52,21411,2017-04-10T02:14:11Z,425784,427413,170410_021416,1.97,-133.513593915863,-5.41,0.61,24.1,-26.29,3.41,1.57,null,null,null,91.93,2146,6.03,490185
SL,405,2017-04-09,90.7,-0.465212863826789,6.16424699881266,Noah Syndergaard,518618,592789,Groundout,Swinging Strike,185.217,868.401,0.6,5.8,14,Derek Dietrich grounds out first baseman Lucas Duda to pitcher Noah Syndergaard.  ,R ,L,R,NYM,MIA,S,3,4,2,1,2017,-0.401210199280324,4.392683251540812,0.601078816604592,1.13387038587583,null,null,null,2,7,top,126.93,201.52,21430,2017-04-10T02:14:30Z,425784,427413,170410_021435,2.93,-131.790376839919,-8.54,-0.72,23.58,-24.32,3.41,1.57,null,null,null,90.68,2201,6,490185
SI,225,2017-04-09,98,-0.446317010195795,6.14210255370301,Noah Syndergaard,592885,592789,Groundout,Foul,230.439,2562.577,46.6,5,1,Christian Yelich grounds out to first baseman Lucas Duda.  ,R ,L,R,NYM,MIA,S,3,4,3,2,2017,-9.46380464309922,7.818139979533188,-0.291039024748401,3.04967138498191,null,null,null,0,4,top,126.4,203.4,11635,2017-04-10T01:16:35Z,425784,427413,170410_011640,3.89,-142.364261625029,-5.81,-19.39,33.25,-16.16,3.66,1.68,null,null,null,97.94,2284,6.38,490185
SI,226,2017-04-09,99.19,-0.37747483627022,6.12406236464581,Noah Syndergaard,592885,592789,Groundout,Foul,218.219,2706.777,50.6,3.9,3,Christian Yelich grounds out to first baseman Lucas Duda.  ,R ,L,R,NYM,MIA,S,3,4,3,2,2017,-7.937328631704899,10.079233161216203,0.522550580280796,3.12901774002991,null,null,null,0,4,top,126.4,203.4,11700,2017-04-10T01:17:00Z,425784,427413,170410_011705,5.48,-144.003997076982,-6.56,-16.62,34.28,-11.07,3.66,1.68,null,null,null,99.26,2232,6.5,490185
CU,227,2017-04-09,85.74,-0.516390937672965,6.18520639600504,Noah Syndergaard,592885,592789,Groundout,In play out(s),62.17,526.796,-6.8,9.1,9,Christian Yelich grounds out to first baseman Lucas Duda.  ,R ,L,R,NYM,MIA,X,3,4,3,2,2017,2.540018343697656,-1.340861143153812,0.260901707040506,1.75757342073804,null,null,null,0,4,top,126.4,203.4,11725,2017-04-10T01:17:25Z,425784,427413,170410_011730,1.1,-124.632624918074,-3.94,4,24.64,-34.29,3.66,1.68,3,78.6,-35.97,84.93,2279,5.78,490185
SI,220,2017-04-09,95.78,-0.513801049754311,6.32979170946862,Noah Syndergaard,592885,592789,Groundout,Ball,237.442,2678.028,47.6,6,11,Christian Yelich grounds out to first baseman Lucas Duda.  ,R ,L,R,NYM,MIA,B,3,4,0,0,2017,-11.09990379082392,7.086983239276405,-1.29576354945849,3.5305544111267,null,null,null,0,4,top,126.4,203.4,11501,2017-04-10T01:15:01Z,425784,427413,170410_011506,1.81,-139.04703006861,-4.32,-21.63,32.49,-18.36,3.9,2.08,null,null,null,94.63,2179,5.84,490185
SI,221,2017-04-09,96.73,-0.356469960328694,6.22576678221358,Noah Syndergaard,592885,592789,Groundout,Called Strike,229.06,2737.965,48.9,5.2,7,Christian Yelich grounds out to first baseman Lucas Duda.  ,R ,L,R,NYM,MIA,S,3,4,1,0,2017,-10.06263370168987,8.7284748563094,-0.554689234157938,2.01897324339893,null,null,null,0,4,top,126.4,203.4,11517,2017-04-10T01:15:17Z,425784,427413,170410_011522,3.07,-140.264017343498,-8.96,-20,32.47,-14.83,3.66,1.68,null,null,null,95.85,2326,6.02,490185
SI,222,2017-04-09,96.71,-0.521259378560853,6.31207779678465,Noah Syndergaard,592885,592789,Groundout,Ball,227.59,2666.572,49.3,5,11,Christian Yelich grounds out to first baseman Lucas Duda.  ,R ,L,R,NYM,MIA,B,3,4,1,1,2017,-9.60069661961232,8.7695181927828,-1.09694539201731,3.45912067175221,null,null,null,0,4,top,126.4,203.4,11532,2017-04-10T01:15:32Z,425784,427413,170410_011537,1.85,-140.394784966894,-5.22,-19.05,33.48,-14.77,3.66,1.68,null,null,null,95.9,2282,6.07,490185
SL,223,2017-04-09,92.79,-0.428598747341526,6.06751976269915,Noah Syndergaard,592885,592789,Groundout,Ball,181.969,1069.378,-1.1,5.3,14,Christian Yelich grounds out to first baseman Lucas Duda.  ,R ,L,R,NYM,MIA,B,3,4,2,1,2017,-0.184375306808988,5.358335829675624,1.30870101135863,0.146193889211408,null,null,null,0,4,top,126.4,203.4,11548,2017-04-10T01:15:48Z,425784,427413,170410_011553,4.7,-134.539594338852,-11.61,-0.34,26.69,-22.26,3.66,1.68,null,null,null,92.78,2147,6.29,490185
SI,224,2017-04-09,97.4,-0.421835866630516,6.17359809060824,Noah Syndergaard,592885,592789,Groundout,Foul,233.979,2924.726,51.8,5.6,5,Christian Yelich grounds out to first baseman Lucas Duda.  ,R ,L,R,NYM,MIA,S,3,4,3,1,2017,-11.44626746467336,8.322301861518229,0.179451768708177,2.62567668507672,null,null,null,0,4,top,126.4,203.4,11610,2017-04-10T01:16:10Z,425784,427413,170410_011620,5.81,-141.391837969883,-7.12,-23.05,33.76,-15.41,3.66,1.68,null,null,null,null,null,null,490185
CH,186,2017-04-09,90.9,-0.440279380446176,5.99281378804048,Noah Syndergaard,592663,592789,Single,In play no out,229.744,2775.477,45.3,6,13,Marlins challenged (play at 1st) call on the field was overturned: J.  T.   Realmuto singles on a ground ball to second baseman Neil Walker.,R ,R,R,NYM,MIA,X,4,4,1,2,2017,-11.04231869549890,9.349889715195037,-0.202790244464842,0.993305328052267,null,null,null,2,3,top,149.68,154.84,10234,2017-04-10T01:02:34Z,425784,427413,170410_010239,4.33,-131.709029287103,-9.89,-19.23,30.23,-15.89,3.41,1.57,3,38.6,-36.98,90.31,1904,6.34,490185
SI,180,2017-04-09,98.79,-0.734624631061276,6.07345773185649,Noah Syndergaard,592663,592789,Single,Called Strike,232.529,2981.568,53.2,5.4,5,Marlins challenged (play at 1st) call on the field was overturned: J.  T.   Realmuto singles on a ground ball to second baseman Neil Walker.,R ,R,R,NYM,MIA,S,4,4,0,0,2017,-11.44530918467016,8.772797637179785,-0.141472121928877,2.3993844720489,null,543829,null,2,3,top,149.68,154.84,10105,2017-04-10T01:01:05Z,425784,427413,170410_010110,5.82,-143.094569111883,-7.76,-23.34,38.09,-14.28,3.32,1.51,null,null,null,97.73,2225,6.29,490185
SL,184,2017-04-09,94.59,-0.409925229507024,6.18181639047224,Noah Syndergaard,592663,592789,Single,Ball,194.874,1471.241,7.3,4.4,14,Marlins challenged (play at 1st) call on the field was overturned: J.  T.   Realmuto singles on a ground ball to second baseman Neil Walker.,R ,R,R,NYM,MIA,B,4,4,0,1,2017,-1.866221000808708,7.025621757562847,1.05992097852162,1.362613802212,null,null,null,2,3,top,149.68,154.84,10202,2017-04-10T01:02:02Z,425784,427413,170410_010207,4.65,-137.191218731075,-9.62,-3.57,29.15,-18.73,3.41,1.57,null,null,null,94.31,2143,6.21,490185
SI,185,2017-04-09,99.68,-0.286847545474745,6.19997437879513,Noah Syndergaard,592663,592789,Single,Called Strike,225.19,2926.527,53.6,4.6,6,Marlins challenged (play at 1st) call on the field was overturned: J.  T.   Realmuto singles on a ground ball to second baseman Neil Walker.,R ,R,R,NYM,MIA,S,4,4,1,1,2017,-9.945778067429831,9.87958457045364,0.680777209905721,2.32291437657906,null,null,null,2,3,top,149.68,154.84,10217,2017-04-10T01:02:17Z,425784,427413,170410_010222,6.39,-144.315815054037,-8.92,-20.65,38.39,-11.66,3.41,1.57,null,null,null,98.72,2181,6.35,490185
SL,5,2017-04-09,93.71,-0.545014007195115,6.29142059532778,Noah Syndergaard,543829,592789,Strikeout,Foul,187.188,1374.876,1.8,4.5,12,Dee Gordon strikes out swinging.  ,R ,L,R,NYM,MIA,S,0,0,0,2,2017,-0.860026435650651,6.8172672733540445,1.09703362327604,2.50448375018214,null,null,null,0,1,top,0,0,1033,2017-04-10T00:10:33Z,425784,427413,170410_001038,4.71,-136.047476441539,-6.57,-1.61,29.53,-19.38,3.32,1.51,null,null,null,93.22,2155,6.09,490185
SI,6,2017-04-09,99.39,-0.628778628106399,6.342821313082,Noah Syndergaard,543829,592789,Strikeout,Foul,223.486,2701.348,52,4.4,11,Dee Gordon strikes out swinging.  ,R ,L,R,NYM,MIA,S,0,0,0,2,2017,-8.912381160903864,9.396047363709984,-0.6046193230543,4.13085059955841,null,null,null,0,1,top,0,0,1051,2017-04-10T00:10:51Z,425784,427413,170410_001056,3.33,-144.221611419373,-4.01,-18.48,38.39,-12.69,3.32,1.51,null,null,null,98.58,2250,6.31,490185
SL,7,2017-04-09,93.35,-0.477482914076428,6.20578417189281,Noah Syndergaard,543829,592789,Strikeout,Swinging Strike,171.142,1003.501,-5.4,5.3,14,Dee Gordon strikes out swinging.  ,R ,L,R,NYM,MIA,S,0,0,0,2,2017,0.7728376189085893,4.958267457810072,1.30723625423245,1.87691003050288,null,null,null,0,1,top,0,0,1116,2017-04-10T00:11:16Z,425784,427413,170410_001121,4.51,-135.515055778601,-7.33,1.44,28.37,-22.91,3.32,1.51,null,null,null,92.95,2002,6.08,490185
SI,3,2017-04-09,98.39,-0.556594276558443,6.22884694665387,Noah Syndergaard,543829,592789,Strikeout,Called Strike,233.847,2813.167,50.5,5.6,13,Dee Gordon strikes out swinging.  ,R ,L,R,NYM,MIA,S,0,0,0,0,2017,-10.96456747425621,8.010900388980527,-0.850822326413941,2.50492184584169,null,null,null,0,1,top,0,0,1001,2017-04-10T00:10:01Z,425784,427413,170410_001006,3.16,-142.674490768899,-7.61,-22.34,36.38,-15.85,3.57,1.69,null,null,null,97.41,2154,6.16,490185
SI,4,2017-04-09,98.35,-0.472375012602521,6.3230640174408,Noah Syndergaard,543829,592789,Strikeout,Foul,234.511,2890.486,51.9,5.6,1,Dee Gordon strikes out swinging.  ,R ,L,R,NYM,MIA,S,0,0,0,1,2017,-11.39963532042115,8.127645008231232,-0.419878938446808,3.09221920824486,null,null,null,0,1,top,0,0,1016,2017-04-10T00:10:16Z,425784,427413,170410_001021,4.28,-142.577445049343,-6.24,-23.13,37.16,-15.68,3.32,1.51,null,null,null,96.83,2262,5.93,490185
SI,19,2017-04-09,99.5,-0.400747274503099,6.3847961275503,Noah Syndergaard,592885,592789,Strikeout,Ball,233.098,2760.677,51.9,5.1,12,Christian Yelich called out on strikes.  ,R ,L,R,NYM,MIA,B,0,0,1,2,2017,-10.49986601820861,7.8838265088920885,0.182339466645199,4.71001826935228,null,null,null,2,1,top,0,0,1348,2017-04-10T00:13:48Z,425784,427413,170410_001353,5.53,-144.49466135663,-2,-21.99,36.66,-15.66,3.49,1.6,null,null,null,99.6,2081,6.65,490185
FF,20,2017-04-09,99.48,-0.497114631555713,6.19315260311576,Noah Syndergaard,592885,592789,Strikeout,Ball,205.127,2510.091,39.5,2.8,12,Christian Yelich called out on strikes.  ,R ,L,R,NYM,MIA,B,0,0,2,2,2017,-5.075484900528576,10.820839396362503,0.896938341799475,3.46660955008275,null,null,null,2,1,top,0,0,1409,2017-04-10T00:14:09Z,425784,427413,170410_001414,5.82,-144.170044735324,-6.04,-10.59,36.15,-9.59,3.49,1.6,null,null,null,98.3,2133,6.02,490185
SL,21,2017-04-09,92.44,-0.585673388687782,6.21979844948805,Noah Syndergaard,592885,592789,Strikeout,Called Strike,162.511,788.028,-5,5.9,8,Christian Yelich called out on strikes.  ,R ,L,R,NYM,MIA,S,0,0,3,2,2017,1.1932485973504667,3.7867916109142197,-0.10959307052388,1.70600561829234,null,null,null,2,1,top,0,0,1432,2017-04-10T00:14:32Z,425784,427413,170410_001437,0.85,-134.324264162633,-7.26,2.19,27.51,-25.22,3.49,1.6,null,null,null,92.5,1976,6.27,490185
SI,16,2017-04-09,100.41,-0.602669832533869,6.20996021634346,Noah Syndergaard,592885,592789,Strikeout,Ball,230.083,3007.932,56.4,5.3,13,Christian Yelich called out on strikes.  ,R ,L,R,NYM,MIA,B,0,0,0,0,2017,-10.97937304528092,9.185411880052763,-1.78439109293739,2.21420926767512,null,null,null,2,1,top,0,0,1246,2017-04-10T00:12:46Z,425784,427413,170410_001251,0.69,-145.51869393317,-9.15,-23.14,39.59,-12.81,3.49,1.6,null,null,null,99.44,2141,6.33,490185
CU,17,2017-04-09,84.95,-0.780253386324275,6.27689596222349,Noah Syndergaard,592885,592789,Strikeout,Called Strike,107.786,469.385,-6.7,8.4,7,Christian Yelich called out on strikes.  ,R ,L,R,NYM,MIA,S,0,0,1,0,2017,2.472390648889764,0.7931560371362015,-0.602430590670305,2.1010149954015,null,null,null,2,1,top,0,0,1303,2017-04-10T00:13:03Z,425784,427413,170410_001308,-0.35,-123.352578511432,-3.8,3.8,25.09,-30.95,3.49,1.6,null,null,null,83.69,2267,5.62,490185
SI,18,2017-04-09,100.02,-0.386001068793593,6.23320851042955,Noah Syndergaard,592885,592789,Strikeout,Foul,220.905,2843.042,53,4.2,6,Christian Yelich called out on strikes.  ,R ,L,R,NYM,MIA,S,0,0,1,1,2017,-8.874578932782985,10.242857946014952,0.550163722274411,2.68288670164121,null,null,null,2,1,top,0,0,1321,2017-04-10T00:13:21Z,425784,427413,170410_001327,5.93,-144.963559378766,-8.22,-18.6,38.61,-10.7,3.49,1.6,null,null,null,99.28,2060,6.41,490185
SI,108,2017-04-09,98.24,-0.461636031944826,6.41923560316032,Noah Syndergaard,519317,592789,Strikeout,Called Strike,224.675,2533.208,45.9,4.5,3,Giancarlo Stanton called out on strikes.  ,R ,R,R,NYM,MIA,S,0,0,0,2,2017,-8.498639832099624,8.595237092211228,0.383825092094279,3.46588386927021,null,null,null,0,2,top,0,0,4012,2017-04-10T00:40:12Z,425784,427413,170410_004021,5.49,-142.586081572198,-5.75,-17.51,32.63,-14.47,3.66,1.68,null,null,null,97.7,2159,6.11,490185
SL,106,2017-04-09,92.33,-0.567688822806028,6.38896900359795,Noah Syndergaard,519317,592789,Strikeout,Foul,192.474,1292.713,4.7,4.8,14,Giancarlo Stanton called out on strikes.  ,R ,R,R,NYM,MIA,S,0,0,0,0,2017,-1.440150415922688,6.508977168918024,0.802126536002917,2.64567968530108,null,null,null,0,2,top,0,0,3934,2017-04-10T00:39:34Z,425784,427413,170410_003935,4.13,-134.20935735197,-6.09,-2.58,27.26,-20.5,3.66,1.68,null,null,null,91.87,0,5.93,490185
SL,107,2017-04-09,92.62,-0.563903341950656,6.38357713252243,Noah Syndergaard,519317,592789,Strikeout,Swinging Strike,174.544,904.467,-4.2,5.5,14,Giancarlo Stanton called out on strikes.  ,R ,R,R,NYM,MIA,S,0,0,0,1,2017,0.4323004190418767,4.524477322126152,1.55366489966101,2.52573473226241,null,null,null,0,2,top,0,0,3955,2017-04-10T00:39:55Z,425784,427413,170410_004000,5.49,-134.532623181157,-5.8,0.8,27.3,-23.82,3.66,1.68,null,null,null,92.59,2119,6.22,490185
CH,115,2017-04-09,88.29,-0.595170660131565,6.04685665032285,Noah Syndergaard,571506,592789,Strikeout,Ball,237.2,2393.033,37.3,7.1,13,Justin Bour strikes out swinging.  ,R ,L,R,NYM,MIA,B,0,0,1,2,2017,-10.75468884312700,6.930693534237395,-1.30289374102851,0.414679468847551,null,null,null,1,2,top,0,0,4138,2017-04-10T00:41:38Z,425784,427413,170410_004144,1.73,-128.016227709885,-10.09,-17.75,27.78,-20.74,3.49,1.6,null,null,null,87.96,1753,6.39,490185
SL,116,2017-04-09,93.96,-0.401253968956218,6.1795723086773,Noah Syndergaard,571506,592789,Strikeout,Swinging Strike,186.119,958.71,0.7,5.3,14,Justin Bour strikes out swinging.  ,R ,L,R,NYM,MIA,S,0,0,2,2,2017,-0.510226019550033,4.758350348586192,0.733274142356715,1.87292827904757,null,null,null,1,2,top,0,0,4156,2017-04-10T00:41:56Z,425784,427413,170410_004201,3.23,-136.402090782184,-7.29,-0.96,30.07,-23.21,3.49,1.6,null,null,null,93.57,2149,6.19,490185
SI,112,2017-04-09,97.89,-0.490256941931784,6.34752190438424,Noah Syndergaard,571506,592789,Strikeout,Ball,241.131,2729.133,48,6.1,11,Justin Bour strikes out swinging.  ,R ,L,R,NYM,MIA,B,0,0,0,0,2017,-11.50696453227052,6.344019874221084,-0.834535686750744,3.39280724450937,null,null,null,1,2,top,0,0,4048,2017-04-10T00:40:48Z,425784,427413,170410_004052,3.22,-142.193381396001,-4.84,-23.42,34.34,-19.26,3.49,1.6,null,null,null,97.65,2259,6.37,490185
CH,113,2017-04-09,90.31,-0.523133457656142,6.10382408125716,Noah Syndergaard,571506,592789,Strikeout,Swinging Strike,242.223,2529.61,39.6,7,13,Justin Bour strikes out swinging.  ,R ,L,R,NYM,MIA,S,0,0,1,0,2017,-11.65419188985403,6.138385486733329,-0.106743167815833,1.40268067378418,null,null,null,1,2,top,0,0,4102,2017-04-10T00:41:02Z,425784,427413,170410_004109,4.99,-131.00658370398,-7.98,-20.21,28.23,-21.53,3.49,1.6,null,null,null,89.89,1780,6.24,490185
CH,114,2017-04-09,89.79,-0.643091299513376,6.13160589565077,Noah Syndergaard,571506,592789,Strikeout,Swinging Strike,237.849,2346.089,37.6,6.7,13,Justin Bour strikes out swinging.  ,R ,L,R,NYM,MIA,S,0,0,1,1,2017,-10.37791379689520,6.522707737532604,-0.896934250981508,1.73452452076625,null,null,null,1,2,top,0,0,4119,2017-04-10T00:41:19Z,425784,427413,170410_004124,2.82,-130.387167464841,-7.24,-17.85,27.61,-20.95,3.49,1.6,null,null,null,89.75,1793,6.39,490185
CH,124,2017-04-09,90.73,-0.414109520232939,6.11375733108738,Noah Syndergaard,542303,592789,Strikeout,Swinging Strike,247.207,2213.206,34.7,7.1,5,Marcell Ozuna strikes out swinging.  ,R ,R,R,NYM,MIA,S,0,0,2,2,2017,-10.49276449369212,4.409122709351916,0.103644621929594,2.42881976608934,null,null,null,2,2,top,0,0,4347,2017-04-10T00:43:47Z,425784,427413,170410_004352,4.91,-131.864013168474,-4.93,-18.55,27.04,-24.38,3.41,1.57,null,null,null,91.09,1901,6.49,490185
SL,120,2017-04-09,93.85,-0.48981913625814,6.2875394032531,Noah Syndergaard,542303,592789,Strikeout,Called Strike,198.222,1045.461,5.9,5.2,6,Marcell Ozuna strikes out swinging.  ,R ,R,R,NYM,MIA,S,0,0,0,0,2017,-1.634381542442148,4.9642942602639835,0.303348107629285,2.44490422199249,null,null,null,2,2,top,0,0,4228,2017-04-10T00:42:28Z,425784,427413,170410_004233,2.7,-136.300333318343,-6.09,-3.07,30.24,-22.84,3.41,1.57,null,null,null,93.6,2096,6.26,490185
SI,121,2017-04-09,98,-0.41164483450478,6.32916359384267,Noah Syndergaard,542303,592789,Strikeout,Ball,219.386,2989.358,58.7,4.3,11,Marcell Ozuna strikes out swinging.  ,R ,R,R,NYM,MIA,B,0,0,0,1,2017,-9.209241293159172,11.216656904118192,-1.31492768814339,3.44867696950554,null,null,null,2,2,top,0,0,4245,2017-04-10T00:42:45Z,425784,427413,170410_004250,0.81,-142.103253594241,-6.33,-18.58,36.61,-9.54,4.06,1.98,null,null,null,96.77,2194,6.06,490185
CH,122,2017-04-09,90.53,-0.615970365285946,6.01137027247712,Noah Syndergaard,542303,592789,Strikeout,Ball,248.002,2870.694,43.1,7.9,13,Marcell Ozuna strikes out swinging.  ,R ,R,R,NYM,MIA,B,0,0,1,1,2017,-13.9224097174752,5.624315039939652,-0.38863558980827,0.603965346596349,null,null,null,2,2,top,0,0,4305,2017-04-10T00:43:05Z,425784,427413,170410_004310,5.25,-131.206470604881,-9.61,-24.07,29.87,-22.45,3.41,1.57,null,null,null,90.07,1775,6.4,490185
SI,123,2017-04-09,99.11,-0.314437268263743,6.20905125661511,Noah Syndergaard,542303,592789,Strikeout,Called Strike,223.213,2758.942,50.2,4.4,14,Marcell Ozuna strikes out swinging.  ,R ,R,R,NYM,MIA,S,0,0,2,1,2017,-8.969177427918192,9.546584564989356,0.825253479981473,2.29096241649063,null,null,null,2,2,top,0,0,4326,2017-04-10T00:43:26Z,425784,427413,170410_004330,6.53,-143.679710086377,-8.94,-18.71,33.96,-12.26,3.41,1.57,null,null,null,98.82,2104,6.37,490185
FF,151,2017-04-09,98.69,-0.536565730294905,6.14017515184075,Noah Syndergaard,518618,592789,Double,Foul,207.213,2386.398,37.4,3.3,4,Derek Dietrich doubles (1) on a line drive to right fielder Jay Bruce.,R ,L,R,NYM,MIA,S,9,3,2,2,2017,-5.265714763576501,10.239663935482309,-0.254299896031414,2.74771030431644,null,null,null,0,3,top,185.9,136.11,5403,2017-04-10T00:54:03Z,425784,427413,170410_005410,2.71,-143.102653139134,-7.53,-10.76,37.38,-11.24,3.37,1.54,null,null,null,97.97,2226,6.37,490185
CH,152,2017-04-09,91.43,-0.439883629099211,6.10589098388091,Noah Syndergaard,518618,592789,Double,In play no out,234.327,2330.888,37.6,6.1,8,Derek Dietrich doubles (1) on a line drive to right fielder Jay Bruce.,R ,L,R,NYM,MIA,X,9,3,2,2,2017,-9.663811631181648,6.9370060175060635,0.108765727793303,1.58598449798395,null,null,null,0,3,top,185.9,136.11,5431,2017-04-10T00:54:31Z,425784,427413,170410_005439,4.74,-132.739638633946,-8.11,-17.33,27.13,-19.74,3.37,1.54,208,84.7,17.34,91.44,1772,6.31,490185
SI,147,2017-04-09,98.12,-0.495797948709034,6.47092471419819,Noah Syndergaard,518618,592789,Double,Ball,230.568,2646.239,49,5.1,11,Derek Dietrich doubles (1) on a line drive to right fielder Jay Bruce.,R ,L,R,NYM,MIA,B,9,3,0,0,2017,-9.843144508454795,8.0941131520221,-0.711832669014375,3.80426395578009,null,null,null,0,3,top,185.9,136.11,5242,2017-04-10T00:52:42Z,425784,427413,170410_005246,2.97,-142.452544455906,-4.68,-20.07,35.09,-15.67,3.37,1.54,null,null,null,97.54,2083,6.25,490185
SI,148,2017-04-09,98.42,-0.434058937279723,6.18440414099327,Noah Syndergaard,518618,592789,Double,Called Strike,225.129,2666.465,47.9,4.6,6,Derek Dietrich doubles (1) on a line drive to right fielder Jay Bruce.,R ,L,R,NYM,MIA,S,9,3,1,0,2017,-9.064905654101784,9.023860346894327,0.27847458304456,2.34353121462106,null,null,null,0,3,top,185.9,136.11,5258,2017-04-10T00:52:58Z,425784,427413,170410_005303,5.31,-142.695052022199,-8.36,-18.59,34.53,-13.67,3.37,1.54,null,null,null,97.95,2163,6.33,490185
SI,149,2017-04-09,97.5,-0.542280145341618,6.274823129639,Noah Syndergaard,518618,592789,Double,Ball,234.373,2672.673,48.2,5.5,1,Derek Dietrich doubles (1) on a line drive to right fielder Jay Bruce.,R ,L,R,NYM,MIA,B,9,3,1,1,2017,-10.50679404886994,7.529434898609209,-0.576647353506517,3.34481157052487,null,null,null,0,3,top,185.9,136.11,5313,2017-04-10T00:53:13Z,425784,427413,170410_005318,3.71,-141.555364563798,-5.12,-21.2,34.04,-16.98,3.37,1.54,null,null,null,97.11,2094,6.3,490185
CH,150,2017-04-09,90.78,-0.503580645124087,6.08467059628704,Noah Syndergaard,518618,592789,Double,Called Strike,238.497,2422.062,38.1,6.6,9,Derek Dietrich doubles (1) on a line drive to right fielder Jay Bruce.,R ,L,R,NYM,MIA,S,9,3,2,1,2017,-10.76557911636526,6.597860602516585,0.315569226071258,1.68329950850298,null,null,null,0,3,top,185.9,136.11,5329,2017-04-10T00:53:29Z,425784,427413,170410_005334,5.74,-131.653482028041,-7.41,-18.74,30.09,-20.69,3.37,1.54,null,null,null,90.59,1818,6.53,490185
CU,166,2017-04-09,84.05,-0.641751447163168,6.42092363897536,Noah Syndergaard,450172,592789,Strikeout,Called Strike,111.746,826.704,-11.9,8.2,11,Edinson Volquez called out on strikes.  ,R ,R,R,NYM,MIA,S,0,0,1,2,2017,4.2758788363617,1.705535609441652,-0.45535239363284,3.37906764620211,518618,500743,null,0,3,top,0,0,5819,2017-04-10T00:58:19Z,425784,427413,170410_005825,-0.89,-122.098242938687,-1.2,6.46,23.77,-29.6,3.32,1.51,null,null,null,83,2191,5.65,490185
SI,163,2017-04-09,98.74,-0.601596394438156,6.25011057825414,Noah Syndergaard,450172,592789,Strikeout,Swinging Strike,236.68,2750.002,49.4,5.8,11,Edinson Volquez called out on strikes.  ,R ,R,R,NYM,MIA,S,0,0,0,0,2017,-11.03822016937502,7.256199910485984,-1.20737178350053,2.74836761088541,518618,500743,null,0,3,top,0,0,5702,2017-04-10T00:57:02Z,425784,427413,170410_005707,2.32,-143.242435477404,-6.79,-22.69,36.39,-17.26,3.32,1.51,null,null,null,97.8,2100,6.15,490185
SL,164,2017-04-09,93.29,-0.489327780432331,6.21679979133093,Noah Syndergaard,450172,592789,Strikeout,Ball,179.338,1209.398,-2.9,4.8,14,Edinson Volquez called out on strikes.  ,R ,R,R,NYM,MIA,B,0,0,0,1,2017,0.0700775770771822,6.045047050637448,1.47120674943462,2.16042527070276,518618,500743,null,0,3,top,0,0,5729,2017-04-10T00:57:29Z,425784,427413,170410_005734,5.23,-135.444924105446,-6.97,0.13,28.09,-20.88,3.32,1.51,null,null,null,93.2,2179,6.24,490185
SI,165,2017-04-09,98.76,-0.50281407427183,6.25971065928718,Noah Syndergaard,450172,592789,Strikeout,Foul,228.601,2633.232,48.7,4.8,11,Edinson Volquez called out on strikes.  ,R ,R,R,NYM,MIA,S,0,0,1,1,2017,-9.439506738316105,8.321587470129169,-0.214260220795609,3.44295111735475,518618,500743,null,0,3,top,0,0,5753,2017-04-10T00:57:53Z,425784,427413,170410_005758,4.27,-143.34971557691,-5.3,-19.52,35.1,-14.97,3.32,1.51,null,null,null,98.05,2197,6.15,490185
CU,191,2017-04-09,81.86,-0.830377914490496,6.35852501146243,Noah Syndergaard,592885,592789,Runner Out,Swinging Strike,110.54,875.054,-12.9,8.7,2,With Christian Yelich batting J.  T.   Realmuto caught stealing 2nd base catcher Rene Rivera to shortstop Asdrubal Cabrera.,R ,L,R,NYM,MIA,S,0,0,0,0,2017,4.6999374921923405,1.7609370712138799,0.165465959283112,3.06908847994916,null,null,592663,3,3,top,0,0,10426,2017-04-10T01:04:26Z,425784,427413,170410_010431,0.9,-118.908899088627,-1.39,6.72,23.21,-29.66,3.41,1.57,null,null,null,80.84,2236,5.72,490185
FF,192,2017-04-09,96.84,-0.480519246536175,6.10827785205966,Noah Syndergaard,592885,592789,Runner Out,Ball,203.825,2340.942,29.6,3.2,14,With Christian Yelich batting J.  T.   Realmuto caught stealing 2nd base catcher Rene Rivera to shortstop Asdrubal Cabrera.,R ,L,R,NYM,MIA,B,0,0,0,1,2017,-4.583783911074732,10.379924241848663,1.33797736680248,1.96912893513331,null,null,592663,3,3,top,0,0,10451,2017-04-10T01:04:51Z,425784,427413,170410_010456,6.69,-140.271528314491,-9.4,-9.14,31.39,-11.47,3.41,1.57,null,null,null,95.91,2131,5.98,490185
CU,193,2017-04-09,82.63,-0.634104600900825,6.279935306953,Noah Syndergaard,592885,592789,Runner Out,Swinging Strike,86.905,486.516,-6.4,9.2,13,With Christian Yelich batting J.  T.   Realmuto caught stealing 2nd base catcher Rene Rivera to shortstop Asdrubal Cabrera.,R ,L,R,NYM,MIA,S,0,0,1,1,2017,2.747634360680844,-0.148537220611683,-0.993494489154882,1.85696220570398,null,null,592663,3,3,top,0,0,10514,2017-04-10T01:05:14Z,425784,427413,170410_010521,-1.7,-120.04400069455,-3.67,4.02,22.68,-32.39,3.41,1.57,null,null,null,81.52,2208,5.56,490185
SL,239,2017-04-09,90.91,-0.404517183497601,6.30056681970241,Noah Syndergaard,571506,592789,Strikeout,Ball,172.354,821.447,-3.8,5.9,14,Justin Bour strikes out swinging.  ,R ,L,R,NYM,MIA,B,0,0,2,2,2017,0.5599949182246524,4.17028175723196,1.20097029796781,2.34345172396856,null,null,null,2,4,top,0,0,12020,2017-04-10T01:20:20Z,425784,427413,170410_012025,4.01,-132.110720308468,-5.61,1,26.59,-24.76,3.49,1.6,null,null,null,91.02,2082,6.3,490185
SL,240,2017-04-09,92.86,-0.432502539457112,6.23957080404079,Noah Syndergaard,571506,592789,Strikeout,Swinging Strike,157.923,1064.649,-10.1,5.4,14,Justin Bour strikes out swinging.  ,R ,L,R,NYM,MIA,S,0,0,3,2,2017,2.006345453408568,4.946372920039908,1.00614893171395,2.19989648894383,null,null,null,2,4,top,0,0,12042,2017-04-10T01:20:42Z,425784,427413,170410_012047,3.15,-134.951493272402,-6.49,3.72,27.7,-23,3.49,1.6,null,null,null,92.99,2132,6.3,490185
SI,235,2017-04-09,98.08,-0.301341670856763,6.28049257796731,Noah Syndergaard,571506,592789,Strikeout,Called Strike,222.112,2524.825,44.4,4.4,6,Justin Bour strikes out swinging.  ,R ,L,R,NYM,MIA,S,0,0,0,0,2017,-8.13400394801304,8.997936379102175,0.459780359905222,2.46113693087588,null,null,null,2,4,top,0,0,11851,2017-04-10T01:18:51Z,425784,427413,170410_011856,5.09,-142.234105003621,-8.24,-16.6,33.78,-13.81,3.49,1.6,null,null,null,97.55,2189,6.25,490185
SI,236,2017-04-09,96.85,-0.392637693668491,6.36393599373595,Noah Syndergaard,571506,592789,Strikeout,Ball,229.887,2401.116,44,5.1,11,Justin Bour strikes out swinging.  ,R ,L,R,NYM,MIA,B,0,0,0,1,2017,-8.949333764136853,7.539192260137645,-1.0902419668583,3.81795335950712,null,null,null,2,4,top,0,0,11910,2017-04-10T01:19:10Z,425784,427413,170410_011914,1.28,-140.698698514142,-3.95,-17.81,34.09,-17.17,3.49,1.6,null,null,null,96.56,2108,6.36,490185
CH,237,2017-04-09,91.5,-0.364539185674198,5.92607782115586,Noah Syndergaard,571506,592789,Strikeout,Ball,229.922,2475.892,39.5,6,13,Justin Bour strikes out swinging.  ,R ,L,R,NYM,MIA,B,0,0,1,1,2017,-9.749240087937048,8.203110264517417,-0.25532855300196,0.0619705427332486,null,null,null,2,4,top,0,0,11941,2017-04-10T01:19:41Z,425784,427413,170410_011946,3.6,-132.556045878146,-11.97,-17.31,28.89,-17.61,3.49,1.6,null,null,null,null,null,null,490185
CH,238,2017-04-09,90.43,-0.405969490956519,6.01983269865174,Noah Syndergaard,571506,592789,Strikeout,Swinging Strike,242.097,2343.474,36.5,6.9,14,Justin Bour strikes out swinging.  ,R ,L,R,NYM,MIA,S,0,0,2,1,2017,-10.72365834936834,5.678394294987732,0.128182401003784,1.05986001638609,null,null,null,2,4,top,0,0,12001,2017-04-10T01:20:01Z,425784,427413,170410_012006,5,-131.230587396266,-8.57,-18.73,27.31,-22.25,3.49,1.6,null,null,null,90.43,1833,6.39,490185
SI,283,2017-04-09,96.86,-0.42520854631945,6.32626717471728,Noah Syndergaard,518618,592789,Single,Ball,238.341,2418.385,42.8,5.7,11,Derek Dietrich singles on a sharp ground ball to right fielder Jay Bruce.  ,R ,L,R,NYM,MIA,B,9,4,0,2,2017,-9.9975311697066,6.164693595885468,-0.321117657335702,3.86246805807109,null,null,null,1,5,top,140.19,168.34,13440,2017-04-10T01:34:40Z,425784,427413,170410_013445,3.89,-140.703590775772,-3.25,-19.96,33.08,-19.86,3.37,1.54,null,null,null,96.56,2120,6.29,490185
SL,284,2017-04-09,91.71,-0.369925777072674,6.09768368622017,Noah Syndergaard,518618,592789,Single,Ball,148.312,891.544,-10.5,6.2,14,Derek Dietrich singles on a sharp ground ball to right fielder Jay Bruce.  ,R ,L,R,NYM,MIA,B,9,4,1,2,2017,2.392452230054232,3.8753762605916515,1.4262776171818,0.658711693750911,null,null,null,1,5,top,140.19,168.34,13503,2017-04-10T01:35:03Z,425784,427413,170410_013508,3.9,-132.995101506509,-9.49,4.29,28.01,-25.22,3.37,1.54,null,null,null,90.85,2219,5.91,490185
SI,285,2017-04-09,97.7,-0.434506269751669,6.09771812144439,Noah Syndergaard,518618,592789,Single,In play no out,234.977,2479.718,43,5.4,9,Derek Dietrich singles on a sharp ground ball to right fielder Jay Bruce.  ,R ,L,R,NYM,MIA,X,9,4,2,2,2017,-9.737198131608071,6.823638743798664,0.245059673400368,2.13495225494259,null,null,null,1,5,top,140.19,168.34,13530,2017-04-10T01:35:30Z,425784,427413,170410_013536,5.44,-141.703782816948,-7.83,-19.83,31.83,-18.27,3.37,1.54,89,102.8,5.05,96.59,2155,5.79,490185
CU,281,2017-04-09,83.3,-0.645649451941247,6.31342350807522,Noah Syndergaard,518618,592789,Single,Called Strike,76.178,408.63,-5.6,9.3,7,Derek Dietrich singles on a sharp ground ball to right fielder Jay Bruce.  ,R ,L,R,NYM,MIA,S,9,4,0,0,2017,2.242330729043508,-0.551622266591408,-0.322649861439479,1.86191308122415,null,null,null,1,5,top,140.19,168.34,13408,2017-04-10T01:34:08Z,425784,427413,170410_013414,0.08,-120.968103990873,-3.69,3.31,24.53,-32.99,3.37,1.54,null,null,null,82.14,2235,5.71,490185
SI,282,2017-04-09,96.94,-0.344418202601083,6.18689782115028,Noah Syndergaard,518618,592789,Single,Called Strike,226.933,2582.187,44.9,4.9,9,Derek Dietrich singles on a sharp ground ball to right fielder Jay Bruce.  ,R ,L,R,NYM,MIA,S,9,4,0,1,2017,-9.193140277548803,8.592483579411518,0.34606888044792,2.11081038874537,null,null,null,1,5,top,140.19,168.34,13423,2017-04-10T01:34:23Z,425784,427413,170410_013428,5.21,-140.545980190963,-8.55,-18.28,33.68,-15.09,3.37,1.54,null,null,null,96.53,2177,6.38,490185
SI,289,2017-04-09,96.65,-0.577711108755241,6.12187535915742,Noah Syndergaard,500743,592789,Single,In play no out,226.179,2338.382,39.3,4.8,14,Miguel Rojas singles on a sharp ground ball to center fielder Michael Conforto.   Derek Dietrich to 2nd.,R ,R,R,NYM,MIA,X,8,4,0,0,2017,-8.167354359634139,7.837809848424156,0.80487377505182,2.29925344206833,null,null,518618,1,5,top,126.4,200.2,13620,2017-04-10T01:36:20Z,425784,427413,170410_013626,6.77,-140.182070044641,-7.61,-16.3,30.77,-16.53,3.32,1.51,10,105.5,-13.9,96.04,2125,6.05,490185
SI,309,2017-04-09,98.08,-0.336311436170973,6.07623592862354,Noah Syndergaard,543829,592789,Strikeout,Foul,223.376,2670.113,47.8,4.6,8,Dee Gordon strikes out swinging.  ,R ,L,R,NYM,MIA,S,0,0,3,2,2017,-8.842375716444229,9.358093857487955,0.0863014133611035,2.00665220226999,518618,500743,null,2,5,top,0,0,14414,2017-04-10T01:44:14Z,425784,427413,170410_014421,4.4,-142.339075232983,-9.05,-17.99,35.17,-13.13,3.37,1.54,null,null,null,98.56,2170,6.87,490185
SL,310,2017-04-09,91.81,-0.568752397197495,6.36231216712537,Noah Syndergaard,543829,592789,Strikeout,Swinging Strike,174.323,765.134,-2,5.7,11,Dee Gordon strikes out swinging.  ,R ,L,R,NYM,MIA,S,0,0,3,2,2017,0.3838922962954668,3.860622457151784,-0.172528952371792,3.88755373786649,518618,500743,null,2,5,top,0,0,14443,2017-04-10T01:44:43Z,425784,427413,170410_014448,0.91,-133.518993575486,-1.78,0.7,27.28,-25.17,3.37,1.54,null,null,null,91.68,2098,6.12,490185
CH,304,2017-04-09,90.19,-0.501490461909927,5.93087711118792,Noah Syndergaard,543829,592789,Strikeout,Ball In Dirt,245.131,2384.799,36.1,7.3,14,Dee Gordon strikes out swinging.  ,R ,L,R,NYM,MIA,B,0,0,0,0,2017,-11.30263031030959,5.23892183644494,0.393205156163693,0.649976796269905,518618,500743,null,2,5,top,0,0,14106,2017-04-10T01:41:06Z,425784,427413,170410_014111,6.09,-130.875371363775,-9.14,-19.52,28.74,-23.13,3.37,1.54,null,null,null,90.98,1771,7,490185
SL,305,2017-04-09,90.49,-0.517874229252793,6.40742878582267,Noah Syndergaard,543829,592789,Strikeout,Ball,171.959,938.361,-3.8,5.6,12,Dee Gordon strikes out swinging.  ,R ,L,R,NYM,MIA,B,0,0,1,0,2017,0.6764830454366773,4.7873329613908435,0.371373234649696,3.89216462315328,518618,500743,null,2,5,top,0,0,14131,2017-04-10T01:41:31Z,425784,427413,170410_014135,2.08,-131.531824767206,-1.98,1.19,26.75,-23.75,3.37,1.54,null,null,null,90.11,2104,6.02,490185
SL,306,2017-04-09,91.93,-0.443134071084178,6.21160295542306,Noah Syndergaard,543829,592789,Strikeout,Foul Tip,187.244,772.951,0.7,6,9,Dee Gordon strikes out swinging.  ,R ,L,R,NYM,MIA,S,0,0,2,0,2017,-0.500161266645031,3.9339313031110317,0.574049585268864,1.68841144541946,518618,500743,null,2,5,top,0,0,14211,2017-04-10T01:42:11Z,425784,427413,170410_014216,2.84,-133.407347537315,-7.11,-0.9,30.16,-25.12,3.75,1.54,null,null,null,91.33,2176,6.18,490185
CU,307,2017-04-09,84.58,-0.511840342783528,5.9965543944824,Noah Syndergaard,543829,592789,Strikeout,Ball In Dirt,119.674,636.983,-8.8,8.4,14,Dee Gordon strikes out swinging.  ,R ,L,R,NYM,MIA,B,0,0,2,1,2017,3.0817616017737963,1.7559154805244122,0.202832385156927,-0.096132972201724,518618,500743,null,2,5,top,0,0,14235,2017-04-10T01:42:35Z,425784,427413,170410_014240,0.76,-122.68106422206,-8.63,4.68,25.07,-29.51,3.37,1.54,null,null,null,83.46,2294,5.8,490185
SI,308,2017-04-09,97.73,-0.419291897087111,6.16299921320621,Noah Syndergaard,543829,592789,Strikeout,Foul,219.69,3004.051,56.9,4.3,5,Dee Gordon strikes out swinging.  ,R ,L,R,NYM,MIA,S,0,0,3,1,2017,-9.306292426601136,11.213253581472923,-0.230189081877427,2.62468663296634,518618,500743,null,2,5,top,0,0,14306,2017-04-10T01:43:06Z,425784,427413,170410_014311,3.89,-141.731828142588,-8.14,-18.74,35.39,-9.59,3.37,1.54,null,null,null,97.1,2152,6.32,490185
CU,397,2017-04-09,83.36,-0.697959634208878,6.17909295945962,Noah Syndergaard,542303,592789,Groundout,Ball,109.485,410.227,-5.9,8.8,13,Marcell Ozuna grounds out third baseman Jose Reyes to first baseman Lucas Duda.  ,R ,R,R,NYM,MIA,B,5,4,0,0,2017,2.1756600815156037,0.7698003419910528,-0.169161802352446,1.40218280159898,null,null,null,1,7,top,103.5,163.48,21229,2017-04-10T02:12:29Z,425784,427413,170410_021235,0.59,-121.099915513656,-4.92,3.23,23.83,-31.03,3.49,1.6,null,null,null,82.57,2244,5.87,490185
SL,398,2017-04-09,92.28,-0.546676369591752,6.2055464597772,Noah Syndergaard,542303,592789,Groundout,In play out(s),202.097,1309.091,10.2,5,8,Marcell Ozuna grounds out third baseman Jose Reyes to first baseman Lucas Duda.  ,R ,R,R,NYM,MIA,X,5,4,1,0,2017,-2.485829685770844,6.122299017050196,0.142534527902993,2.06289685571737,null,null,null,1,7,top,103.5,163.48,21248,2017-04-10T02:12:48Z,425784,427413,170410_021254,2.69,-134.043231058593,-7.04,-4.55,27.32,-20.97,3.49,1.6,0,82.9,0,91.93,2192,6.04,490185
CU,347,2017-04-09,84.53,-0.650741568262109,6.15198163066725,Noah Syndergaard,592885,592789,Strikeout,Ball,86.187,713.093,-9.9,9.1,13,Christian Yelich strikes out swinging.  ,R ,L,R,NYM,MIA,B,0,0,0,2,2017,3.955518361176624,-0.263571671774632,-0.543404673368201,1.21706959592438,null,null,null,1,6,top,0,0,15640,2017-04-10T01:56:40Z,425784,427413,170410_015645,-0.98,-122.74244426011,-5.22,6.02,24.85,-32.58,3.41,1.57,null,null,null,83.31,2191,5.65,490185
CH,348,2017-04-09,88.17,-0.459597238278239,5.96483481353637,Noah Syndergaard,592885,592789,Strikeout,Swinging Strike (Blocked),233.047,2761.263,43.5,6.7,13,Christian Yelich strikes out swinging.  ,R ,L,R,NYM,MIA,S,0,0,1,2,2017,-11.81384848806908,8.8869012648708,-0.409304435481244,0.686661189344673,null,null,null,1,6,top,0,0,15657,2017-04-10T01:56:57Z,425784,427413,170410_015702,3.99,-127.74133969575,-9.8,-19.43,27.46,-17.56,3.41,1.57,null,null,null,87.33,1905,6.1,490185
SI,345,2017-04-09,97.25,-0.50735034165393,6.20836560024917,Noah Syndergaard,592885,592789,Strikeout,Called Strike,226.293,2633.486,48.2,4.9,11,Christian Yelich strikes out swinging.  ,R ,L,R,NYM,MIA,S,0,0,0,0,2017,-9.204234519957444,8.7975119538111,-0.968909760937345,2.63418978814025,null,null,null,1,6,top,0,0,15604,2017-04-10T01:56:04Z,425784,427413,170410_015609,2.04,-141.167524198235,-7.35,-18.52,32.93,-14.47,3.41,1.57,null,null,null,96.78,2217,6.21,490185
CU,346,2017-04-09,83.73,-0.656955895783522,6.34379616814388,Noah Syndergaard,592885,592789,Strikeout,Called Strike,106.425,926.353,-13,8.4,11,Christian Yelich strikes out swinging.  ,R ,L,R,NYM,MIA,S,0,0,0,1,2017,4.943225291289816,1.457243739541608,-0.955009909492919,2.57663560048806,null,null,null,1,6,top,0,0,15621,2017-04-10T01:56:21Z,425784,427413,170410_015626,-2.27,-121.668738037727,-2.84,7.45,22.61,-29.98,3.41,1.57,null,null,null,82.79,2368,5.62,490185
SI,390,2017-04-09,95.19,-0.553289435350872,6.13708733143438,Noah Syndergaard,571506,592789,Groundout,Ball,217.424,2523.199,42.4,4.4,13,Justin Bour grounds out second baseman Neil Walker to first baseman Lucas Duda.  ,R ,L,R,NYM,MIA,B,4,4,0,0,2017,-7.605398357280192,9.938498304393732,-0.835238449594543,1.44423700621563,null,null,null,0,7,top,127.43,196.79,21102,2017-04-10T02:11:02Z,425784,427413,170410_021107,1.92,-137.998016468615,-10.34,-14.59,32.28,-13.11,3.49,1.6,null,null,null,94.85,2374,6.41,490185
SI,391,2017-04-09,95.98,-0.599237801097037,6.24627725489628,Noah Syndergaard,571506,592789,Groundout,Ball,215.408,2822.695,53,4.1,11,Justin Bour grounds out second baseman Neil Walker to first baseman Lucas Duda.  ,R ,L,R,NYM,MIA,B,4,4,1,0,2017,-8.06827830469716,11.349292861991053,-1.33690824263202,3.15609823613764,null,null,null,0,7,top,127.43,196.79,21118,2017-04-10T02:11:18Z,425784,427413,170410_021123,0.85,-139.27647248449,-6.62,-15.7,33.99,-10.09,3.49,1.6,null,null,null,95.38,2340,6.29,490185
CH,392,2017-04-09,88.97,-0.639677670481577,6.06128010193139,Noah Syndergaard,571506,592789,Groundout,Swinging Strike,231.639,2504.662,40.2,6.4,13,Justin Bour grounds out second baseman Neil Walker to first baseman Lucas Duda.  ,R ,L,R,NYM,MIA,S,4,4,2,0,2017,-10.48394793194684,8.297688836699004,-0.875180456746467,1.94992401679636,null,null,null,0,7,top,127.43,196.79,21133,2017-04-10T02:11:33Z,425784,427413,170410_021138,2.85,-129.05471724396,-6.8,-17.47,29.85,-18.35,3.87,1.6,null,null,null,88.49,1840,6.41,490185
CH,393,2017-04-09,88.91,-0.595423115697343,6.13920670576814,Noah Syndergaard,571506,592789,Groundout,In play out(s),231.321,2848.67,46.8,6.4,13,Justin Bour grounds out second baseman Neil Walker to first baseman Lucas Duda.  ,R ,L,R,NYM,MIA,X,4,4,2,1,2017,-11.91309140582078,9.5366365286001,-0.956431412017803,2.16461143158298,null,null,null,0,7,top,127.43,196.79,21151,2017-04-10T02:11:51Z,425784,427413,170410_021156,2.99,-128.983801621857,-6.83,-19.77,30.54,-16.35,3.49,1.6,18,82.1,-6.45,88.31,1926,6.39,490185
SI,356,2017-04-09,98.22,-0.251155553287306,6.2830746930991,Noah Syndergaard,519317,592789,Groundout,In play out(s),231.797,2652.392,46.8,5.2,6,Giancarlo Stanton grounds out second baseman Neil Walker to first baseman Lucas Duda.  ,R ,R,R,NYM,MIA,X,4,4,2,2,2017,-10.02456168686395,7.8892251542856355,0.465406904421744,2.40764250693921,null,null,null,2,6,top,149.17,152.3,15844,2017-04-10T01:58:44Z,425784,427413,170410_015851,5.66,-142.453424360012,-8.01,-20.47,34.7,-16.07,3.49,1.6,0,82.9,0,97.84,2217,6.39,490185
CU,352,2017-04-09,84.32,-0.572892322188937,6.24777079854902,Noah Syndergaard,519317,592789,Groundout,Ball,93.292,667.829,-9.5,8.9,13,Giancarlo Stanton grounds out second baseman Neil Walker to first baseman Lucas Duda.  ,R ,R,R,NYM,MIA,B,4,4,0,0,2017,3.7038054889365837,0.2130569870683536,-0.360701365341102,1.46028288725372,null,null,null,2,6,top,149.17,152.3,15726,2017-04-10T01:57:26Z,425784,427413,170410_015731,-0.65,-122.453901535771,-4.99,5.63,24.03,-31.85,3.49,1.6,null,null,null,83.06,2193,5.54,490185
SI,353,2017-04-09,97.16,-0.436800390192983,6.32057752697556,Noah Syndergaard,519317,592789,Groundout,Ball,226.313,2704.688,51.1,5,11,Giancarlo Stanton grounds out second baseman Neil Walker to first baseman Lucas Duda.  ,R ,R,R,NYM,MIA,B,4,4,1,0,2017,-9.622080170945784,9.190698765424704,-1.45191236510973,3.83151672923675,null,null,null,2,6,top,149.17,152.3,15744,2017-04-10T01:57:44Z,425784,427413,170410_015749,0.64,-140.922603942668,-4.33,-19,37.45,-14.03,3.49,1.6,null,null,null,95.99,2216,6.17,490185
SL,354,2017-04-09,90.89,-0.380713146823872,6.27071535483588,Noah Syndergaard,519317,592789,Groundout,Swinging Strike,170.805,819.252,-4.5,6,14,Giancarlo Stanton grounds out second baseman Neil Walker to first baseman Lucas Duda.  ,R ,R,R,NYM,MIA,S,4,4,2,0,2017,0.674398329142722,4.165373645313563,1.3846198847261,2.2662954641708,null,null,null,2,6,top,149.17,152.3,15802,2017-04-10T01:58:02Z,425784,427413,170410_015807,4.37,-131.946532401961,-5.68,1.19,27.65,-24.82,3.49,1.6,null,null,null,90.26,2221,6,490185
SL,355,2017-04-09,91.68,-0.582544903185271,6.14668180420654,Noah Syndergaard,519317,592789,Groundout,Foul,191.772,1205.106,5.3,5.1,4,Giancarlo Stanton grounds out second baseman Neil Walker to first baseman Lucas Duda.  ,R ,R,R,NYM,MIA,S,4,4,2,1,2017,-1.25302509537384,6.011979654978781,-0.422634064676571,2.42407253844818,null,null,null,2,6,top,149.17,152.3,15821,2017-04-10T01:58:21Z,425784,427413,170410_015826,0.85,-133.235253257867,-5.75,-2.26,27.94,-21.34,3.49,1.6,null,null,null,91.42,2205,6.15,490185
SL,276,2017-04-09,91.5,-0.672468306252771,6.43214530522946,Noah Syndergaard,542303,592789,Groundout,Foul,187.099,926.062,1.9,5.6,1,Marcell Ozuna grounds out second baseman Neil Walker to first baseman Lucas Duda.  ,R ,R,R,NYM,MIA,S,4,4,0,0,2017,-0.584900391224824,4.695129381857436,-0.326507156344069,3.1397856843223,null,null,null,0,5,top,126.24,203.38,13303,2017-04-10T01:33:03Z,425784,427413,170410_013312,1.11,-132.992774608922,-4.13,-1.05,28.04,-23.75,3.41,1.57,null,null,null,91.09,2067,6.06,490185
SI,277,2017-04-09,96.85,-0.302504569677108,6.28329236662791,Noah Syndergaard,542303,592789,Groundout,In play out(s),230.32,2473.716,43.6,5.2,5,Marcell Ozuna grounds out second baseman Neil Walker to first baseman Lucas Duda.  ,R ,R,R,NYM,MIA,X,4,4,0,1,2017,-9.193899051840445,7.627409394466584,-0.150003858090994,2.47049412384394,null,null,null,0,5,top,126.24,203.38,13326,2017-04-10T01:33:26Z,425784,427413,170410_013331,3.74,-140.582015357137,-7.56,-18.45,31.07,-16.87,3.41,1.57,3,88.6,-35.01,96.11,2052,5.94,490185
SI,341,2017-04-09,96.41,-0.547237207331529,6.24431332419278,Noah Syndergaard,592663,592789,Groundout,In play out(s),230.549,2725.551,48.3,5.3,5,J.  T.   Realmuto grounds out shortstop Asdrubal Cabrera to first baseman Lucas Duda.  ,R ,R,R,NYM,MIA,X,6,4,0,0,2017,-10.28108664715438,8.459956417164564,-0.116460163480247,2.69152248166993,null,null,null,0,6,top,125.47,201.62,15530,2017-04-10T01:55:30Z,425784,427413,170410_015535,4.87,-139.965592356259,-7,-20.3,32.9,-15.47,3.41,1.57,7,85,-18.32,96.49,2182,6.55,490185
SI,231,2017-04-09,98.7,-0.17006459776048,6.24487635407221,Noah Syndergaard,519317,592789,Groundout,In play out(s),236.371,2436.557,42.6,5.6,8,Giancarlo Stanton grounds out shortstop Asdrubal Cabrera to first baseman Lucas Duda.  ,R ,R,R,NYM,MIA,X,6,4,0,0,2017,-9.713770406424409,6.460821375358309,-0.115762536298984,2.20215627559522,null,null,null,1,4,top,111.62,151.79,11810,2017-04-10T01:18:10Z,425784,427413,170410_011818,3.71,-143.290169176125,-8.06,-20.04,35.53,-18.85,3.66,1.68,0,82.9,0,98.87,2196,6.67,490185
SI,11,2017-04-09,100.9,-0.511652973691339,6.0679949735784,Noah Syndergaard,592663,592789,Groundout,Ball,227.444,2646.457,47.6,4.7,13,J.  T.   Realmuto grounds out softly shortstop Asdrubal Cabrera to first baseman Lucas Duda.  ,R ,R,R,NYM,MIA,B,6,4,0,0,2017,-9.103297476669024,8.357785780564921,-0.047854558981925,1.12525530123916,null,null,null,1,1,top,81.41,83.36,1153,2017-04-10T00:11:53Z,425784,427413,170410_001157,4.74,-146.151834022001,-11.79,-19.64,35.28,-14.14,3.41,1.57,null,null,null,100.17,2117,6.19,490185
SI,12,2017-04-09,98.62,-0.461058769237149,6.21024906434675,Noah Syndergaard,592663,592789,Groundout,In play out(s),223.546,2616.46,47.9,4.5,4,J.  T.   Realmuto grounds out softly shortstop Asdrubal Cabrera to first baseman Lucas Duda.  ,R ,R,R,NYM,MIA,X,6,4,1,0,2017,-8.5593807654612,9.004911685975284,-0.396350071963352,2.31575886974888,null,null,null,1,1,top,81.41,83.36,1208,2017-04-10T00:12:08Z,425784,427413,170410_001214,3.33,-143.156751336424,-8.63,-17.79,32.62,-13.46,3.41,1.57,295,53.6,27.24,98.44,1990,6.29,490185
SL,170,2017-04-09,92.45,-0.613419398899681,6.13790264518636,Noah Syndergaard,543829,592789,Double,Foul Bunt,177.388,1221.341,-2.5,5,14,Dee Gordon doubles (1) on a line drive to left fielder Yoenis Cespedes.   Derek Dietrich scores.    Miguel Rojas scores.,R ,L,R,NYM,MIA,S,7,3,0,0,2017,0.280838184989328,6.151692308960699,0.352892003202835,1.29895302893726,518618,500743,null,1,3,top,85.96,159.26,5917,2017-04-10T00:59:17Z,425784,427413,170410_005922,2.47,-134.261553080836,-8.93,0.52,27.56,-20.88,3.32,1.51,null,null,null,92.56,2100,6.35,490185
SI,171,2017-04-09,98.13,-0.563419166392516,6.19689643479386,Noah Syndergaard,543829,592789,Double,In play run(s),228.81,2864.339,53.3,5,1,Dee Gordon doubles (1) on a line drive to left fielder Yoenis Cespedes.   Derek Dietrich scores.    Miguel Rojas scores.,R ,L,R,NYM,MIA,X,7,3,0,1,2017,-10.38394171668494,9.087078971692332,-0.496423479663296,3.25852049279558,518618,500743,null,1,3,top,85.96,159.26,5952,2017-04-10T00:59:52Z,425784,427413,170410_005958,3.96,-142.426145536725,-5.8,-21.16,35.12,-13.66,3.32,1.51,138,89.1,8.86,97.43,2120,6.2,490185
SL,156,2017-04-09,93.4,-0.642033409189048,6.29956759912003,Noah Syndergaard,500743,592789,Field Error,Ball,181.759,1318.115,-1.3,4.5,12,Miguel Rojas reaches on a fielding error by left fielder Yoenis Cespedes.   Derek Dietrich to 3rd.    Miguel Rojas to 2nd.,R ,R,R,NYM,MIA,B,7,4,0,0,2017,-0.202627830197298,6.590483807701428,0.895881905499573,3.11344531411354,null,518618,null,0,3,top,106.1,83.54,5541,2017-04-10T00:55:41Z,425784,427413,170410_005546,4.2,-135.681248866111,-4.84,-0.38,28.87,-19.85,3.37,1.54,null,null,null,93.26,2107,6.23,490185
SL,157,2017-04-09,93.2,-0.62608670143488,6.18192313027111,Noah Syndergaard,500743,592789,Field Error,In play no out,173.803,1473.443,-5.8,4.5,9,Miguel Rojas reaches on a fielding error by left fielder Yoenis Cespedes.   Derek Dietrich to 3rd.    Miguel Rojas to 2nd.,R ,R,R,NYM,MIA,X,7,4,1,0,2017,0.8047000709827477,7.4085580559728434,0.436321752213667,2.12386825202901,null,518618,null,0,3,top,106.1,83.54,5607,2017-04-10T00:56:07Z,425784,427413,170410_005618,2.55,-135.255847573629,-7.34,1.48,30.86,-18.52,3.37,1.54,280,77.4,28.08,92.53,2091,6.14,490185
SI,4,2017-04-03,97.99,-0.371802435277704,6.38833433928559,Noah Syndergaard,542255,592789,Strikeout,Foul,227.914,2587.124,45.5,5,13,Ender Inciarte strikes out swinging.  ,R ,L,R,NYM,ATL,S,0,0,0,1,2017,-9.13681191041772,8.25138001258038,-0.138916322831442,1.20405801196363,null,null,null,0,1,top,0,0,171446,2017-04-03T17:14:46Z,425784,427269,,4,-142.21430874258,-11.89,-18.82,30.83,-15.18,3.32,1.51,null,null,null,97.38,2096,5.97,490098
SL,5,2017-04-03,92.31,-0.520404160553936,6.31401071975524,Noah Syndergaard,542255,592789,Strikeout,Swinging Strike,180.493,881.73,-1.8,5.7,14,Ender Inciarte strikes out swinging.  ,R ,L,R,NYM,ATL,S,0,0,0,2,2017,-0.038479005346694,4.457610566904948,1.2029354632264,1.5609808989339,null,null,null,0,1,top,0,0,171503,2017-04-03T17:15:03Z,425784,427269,,4.59,-134.241481618654,-8.09,-0.07,28.25,-24.02,3.32,1.51,null,null,null,92.5,2022,6.38,490098
SI,3,2017-04-03,98.27,-0.366352809447189,6.38506597091961,Noah Syndergaard,542255,592789,Strikeout,Foul,224.183,2785.638,50.7,4.6,5,Ender Inciarte strikes out swinging.  ,R ,L,R,NYM,ATL,S,0,0,0,0,2017,-9.297663665362272,9.566396902652063,0.154620132417323,2.30563564098176,null,null,null,0,1,top,0,0,171423,2017-04-03T17:14:23Z,425784,427269,,4.86,-142.682477521293,-9.25,-19.09,33.99,-12.53,3.32,1.51,null,null,null,97.37,1962,5.98,490098
SI,15,2017-04-03,98.73,-0.381142106935032,6.34570841477491,Noah Syndergaard,518692,592789,Flyout,In play out(s),228.01,2888.614,52.9,5.1,13,Freddie Freeman flies out to left fielder Yoenis Cespedes.  ,R ,L,R,NYM,ATL,X,7,1,1,0,2017,-10.26651715120288,9.240531665775348,-0.780053207928613,1.89512533811507,null,null,null,2,1,top,77.62,113.65,171639,2017-04-03T17:16:39Z,425784,427269,170403_171617,2.63,-143.350326553648,-10.24,-21.21,35.29,-13.08,3.69,1.69,277,81.2,39.39,97.89,2046,6.09,490098
CH,14,2017-04-03,89.4,-0.642864981789696,6.26032316576148,Noah Syndergaard,518692,592789,Flyout,Ball,236.281,1887.24,29.1,6.5,13,Freddie Freeman flies out to left fielder Yoenis Cespedes.  ,R ,L,R,NYM,ATL,B,7,1,0,0,2017,-8.094234283287912,5.401941031432548,-0.498869514791685,1.04613758991618,null,null,null,2,1,top,77.62,113.65,171622,2017-04-03T17:16:22Z,425784,427269,,3.1,-130.077341332495,-9.06,-14.07,23.48,-22.78,3.69,1.69,null,null,null,90.21,1729,6.48,490098
SI,68,2017-04-03,97.21,-0.493520025302974,6.51162650891437,Noah Syndergaard,455976,592789,Strikeout,Ball,226.885,2605.11,48.2,4.9,11,Nick Markakis strikes out swinging.  ,R ,L,R,NYM,ATL,B,0,0,1,1,2017,-9.205167463936657,8.618241814281685,-1.18801534454331,3.30378799546254,null,null,null,1,2,top,0,0,173518,2017-04-03T17:35:18Z,425784,427269,170403_173523,1.39,-141.464741676016,-6.28,-18.54,34.05,-14.81,3.66,1.73,null,null,null,97.21,1993,6.41,490098
CH,69,2017-04-03,89.21,-0.400146634292251,6.19468279636737,Noah Syndergaard,455976,592789,Strikeout,Swinging Strike,243.825,2176.254,33.7,7.2,13,Nick Markakis strikes out swinging.  ,R ,L,R,NYM,ATL,S,0,0,2,1,2017,-10.26286090828815,5.04437061378456,-0.386193799360265,1.30961354448875,null,null,null,1,2,top,0,0,173536,2017-04-03T17:35:36Z,425784,427269,170403_173541,3.45,-129.801269969867,-7.9,-17.47,27.68,-23.59,3.66,1.73,null,null,null,89.97,1714,6.8,490098
SL,70,2017-04-03,91.77,-0.368723890416571,6.3266054544521,Noah Syndergaard,455976,592789,Strikeout,Ball,156.787,807.753,-7.9,6.2,14,Nick Markakis strikes out swinging.  ,R ,L,R,NYM,ATL,B,0,0,2,2,2017,1.6376985182405162,3.8183594615942162,1.33329953414519,1.43907981993654,null,null,null,1,2,top,0,0,173556,2017-04-03T17:35:56Z,425784,427269,170403_173601,3.91,-133.369835664026,-8,2.93,30.75,-25.35,3.66,1.73,null,null,null,91.34,1958,6.27,490098
FF,71,2017-04-03,98.49,-0.469208579459392,6.36173386319966,Noah Syndergaard,455976,592789,Strikeout,Foul,198.641,2267.404,25.8,2.8,3,Nick Markakis strikes out swinging.  ,R ,L,R,NYM,ATL,S,0,0,3,2,2017,-3.453966909116579,10.238280260119753,0.645674530198968,3.10326739291344,null,null,null,1,2,top,0,0,173615,2017-04-03T17:36:15Z,425784,427269,170403_173625,4.42,-143.314003166102,-7.27,-7.16,34.14,-10.95,3.66,1.73,null,null,null,99.18,2169,6.75,490098
SI,66,2017-04-03,97.24,-0.498572584945517,6.34170024122111,Noah Syndergaard,455976,592789,Strikeout,Ball,223.173,2712.248,48,4.8,13,Nick Markakis strikes out swinging.  ,R ,L,R,NYM,ATL,B,0,0,0,0,2017,-8.981439941664203,9.572892981398928,-0.948998314917274,0.937434887658023,null,null,null,1,2,top,0,0,173441,2017-04-03T17:34:41Z,425784,427269,170403_173446,1.99,-141.057805690547,-12.71,-18.04,32.95,-12.94,3.66,1.73,null,null,null,96.59,2092,6.15,490098
CH,67,2017-04-03,89.82,-0.572963484642765,6.3807337374308,Noah Syndergaard,455976,592789,Strikeout,Called Strike,231.386,2029.005,32,6,4,Nick Markakis strikes out swinging.  ,R ,L,R,NYM,ATL,S,0,0,1,0,2017,-8.242799612694036,6.583278091068431,-0.269729741361377,2.93036701202542,null,null,null,1,2,top,0,0,173500,2017-04-03T17:35:00Z,425784,427269,170403_173505,3.55,-130.73681427511,-4.89,-14.29,27.19,-20.76,3.66,1.73,null,null,null,89.87,1856,6.27,490098
SI,72,2017-04-03,99.26,-0.404420224539112,6.37466105702896,Noah Syndergaard,455976,592789,Strikeout,Swinging Strike,223.183,3004.005,57.7,4.6,11,Nick Markakis strikes out swinging.  ,R ,L,R,NYM,ATL,S,0,0,3,2,2017,-9.878945160812677,10.525738986907669,-0.838284372117529,2.9166562904317,null,null,null,1,2,top,0,0,173639,2017-04-03T17:36:39Z,425784,427269,170403_173644,2.39,-144.189950714335,-7.93,-20.43,39.03,-10.4,3.66,1.73,null,null,null,98.21,2039,6.17,490098
SI,76,2017-04-03,98.7,-0.38810834208139,6.43677196338642,Noah Syndergaard,408252,592789,Single,In play no out,226.744,2872.993,52.2,4.9,7,Brandon Phillips singles on a sharp ground ball to center fielder Curtis Granderson.  ,R ,R,R,NYM,ATL,X,8,4,0,0,2017,-10.04546707342237,9.451600979336268,-0.296956637101366,2.04475010910343,null,null,null,2,2,top,124.03,165.24,173717,2017-04-03T17:37:17Z,425784,427269,170403_173722,3.92,-143.227605752928,-10.11,-20.66,36.19,-12.74,3.66,1.73,null,null,null,null,null,null,490098
SI,82,2017-04-03,94.45,-0.65698222657797,6.36326213124376,Noah Syndergaard,611177,592789,Forceout,In play out(s),224.529,2618.357,45.4,5,1,Adonis Garcia grounds into a force out third baseman Jose Reyes to second baseman Neil Walker.   Brandon Phillips out at 2nd.,R ,R,R,NYM,ATL,X,5,4,1,0,2017,-9.261844274463073,9.415080808852416,-0.34183446778066,2.97275931512348,null,null,408252,2,2,top,102.99,164.5,173834,2017-04-03T17:38:34Z,425784,427269,170403_173839,4.08,-137.18675377269,-6.42,-17.36,34.96,-14.52,3.37,1.54,0,82.9,0,93.26,1929,6.04,490098
SI,80,2017-04-03,96.46,-0.475290369137823,6.28927902058867,Noah Syndergaard,611177,592789,Forceout,Ball,220.837,2800.599,48.3,4.6,14,Adonis Garcia grounds into a force out third baseman Jose Reyes to second baseman Neil Walker.   Brandon Phillips out at 2nd.,R ,R,R,NYM,ATL,B,5,4,0,0,2017,-9.023042753268456,10.439172247978453,0.27304779674648,1.2718992670269,null,null,408252,2,2,top,102.99,164.5,173755,2017-04-03T17:37:55Z,425784,427269,170403_173800,5.27,-139.803678392843,-11.64,-17.65,34.97,-11.76,3.37,1.54,null,null,null,95.27,2006,6.07,490098
SI,123,2017-04-03,96.34,-0.363992989497695,6.49854145978776,Noah Syndergaard,452095,592789,Flyout,Foul,229.207,2516.291,44.1,5.1,5,Tyler Flowers flies out to center fielder Curtis Granderson.  ,R ,R,R,NYM,ATL,S,8,1,0,0,2017,-9.266289742445831,7.996207498736951,0.0830115548551763,2.79926006288736,null,null,null,0,3,top,157.02,69.62,175249,2017-04-03T17:52:49Z,425784,427269,170403_175259,4.56,-139.980725517697,-7.27,-18.38,31.67,-16.31,3.58,1.6,null,null,null,95.36,1967,5.81,490098
SI,124,2017-04-03,96.3,-0.478349520860421,6.47072440973076,Noah Syndergaard,452095,592789,Flyout,In play out(s),231.152,2684.845,48.1,5.3,2,Tyler Flowers flies out to center fielder Curtis Granderson.  ,R ,R,R,NYM,ATL,X,8,1,0,1,2017,-10.19881703208560,8.214006200110187,-0.214352271292608,3.33180507313606,null,null,null,0,3,top,157.02,69.62,175314,2017-04-03T17:53:14Z,425784,427269,170403_175329,4.39,-140.093357784644,-5.79,-20.19,32.77,-15.91,3.58,1.6,325,85.1,30.77,96.29,2062,6.38,490098
SI,129,2017-04-03,97.29,-0.271545415245746,6.48682778078628,Noah Syndergaard,527054,592789,Strikeout,Called Strike,223.874,2326.612,39.9,4.6,6,Julio Teheran strikes out swinging.  ,R ,R,R,NYM,ATL,S,0,0,0,1,2017,-7.735778417148229,8.0456861144649,0.52908462586141,2.71195866337782,null,null,null,1,3,top,0,0,175405,2017-04-03T17:54:05Z,425784,427269,170403_175410,5.05,-141.562024514261,-7.73,-15.73,31.6,-15.81,3.55,1.54,null,null,null,98.17,2139,6.74,490098
SL,130,2017-04-03,89.91,-0.454885115562584,6.54172591381559,Noah Syndergaard,527054,592789,Strikeout,Swinging Strike,175.443,776.447,-2.8,6.1,12,Julio Teheran strikes out swinging.  ,R ,R,R,NYM,ATL,S,0,0,0,2,2017,0.319690072912326,4.009278159061128,1.11860559558971,2.87417035142489,null,null,null,1,3,top,0,0,175419,2017-04-03T17:54:19Z,425784,427269,170403_175424,3.96,-130.869512392735,-4.63,0.56,26.55,-25.19,3.55,1.54,null,null,null,89.8,2041,6.12,490098
SI,128,2017-04-03,97.29,-0.320660623031458,6.3478874036624,Noah Syndergaard,527054,592789,Strikeout,Called Strike,230.327,2684.413,47.4,5.3,7,Julio Teheran strikes out swinging.  ,R ,R,R,NYM,ATL,S,0,0,0,0,2017,-9.943266962131009,8.246883563072327,-0.265661722188445,1.61874055281735,null,null,null,1,3,top,0,0,175350,2017-04-03T17:53:50Z,425784,427269,170403_175355,3.76,-141.351704706379,-10.43,-20.13,32.01,-15.48,3.55,1.54,null,null,null,97.41,2151,6.43,490098
CH,135,2017-04-03,89.19,-0.534732814101669,6.33873609656982,Noah Syndergaard,542255,592789,Groundout,Swinging Strike,232.944,2280.394,36.6,6.3,13,Ender Inciarte grounds out shortstop Asdrubal Cabrera to first baseman Lucas Duda.  ,R ,L,R,NYM,ATL,S,6,4,1,0,2017,-9.58046138818385,7.233894622152732,-0.863327242112988,2.33932196806911,null,null,null,2,3,top,107.6,153.46,175515,2017-04-03T17:55:15Z,425784,427269,170403_175520,2.34,-129.764504758283,-6.34,-16.28,28.05,-19.88,3.55,1.54,null,null,null,89.2,1722,6.38,490098
CH,136,2017-04-03,89.52,-0.659350815310044,6.3690529860634,Noah Syndergaard,542255,592789,Groundout,In play out(s),235.444,2158.488,35,6.4,11,Ender Inciarte grounds out shortstop Asdrubal Cabrera to first baseman Lucas Duda.  ,R ,L,R,NYM,ATL,X,6,4,1,1,2017,-9.247528594353085,6.368796006859476,-0.978229495732511,2.74256837594121,null,null,null,2,3,top,107.6,153.46,175535,2017-04-03T17:55:35Z,425784,427269,170403_175543,2.28,-130.33779905595,-5.24,-15.97,26.38,-21.17,3.55,1.54,131,90.4,-9.2,89.72,1738,6.3,490098
SI,134,2017-04-03,97.56,-0.425355681255832,6.36366365931775,Noah Syndergaard,542255,592789,Groundout,Ball,225.188,2850.751,51.5,4.9,7,Ender Inciarte grounds out shortstop Asdrubal Cabrera to first baseman Lucas Duda.  ,R ,L,R,NYM,ATL,B,6,4,0,0,2017,-9.786108655251876,9.721952277810828,-0.67500133450325,1.66639778952137,null,null,null,2,3,top,107.6,153.46,175459,2017-04-03T17:54:59Z,425784,427269,170403_175504,2.84,-141.663808330418,-10.85,-19.75,34.47,-12.56,3.55,1.54,null,null,null,97.26,2143,6.39,490098
SL,174,2017-04-03,91.12,-0.437387914551333,6.4306966671727,Noah Syndergaard,621020,592789,Strikeout,Ball,174.318,879.159,-3.7,5.9,14,Dansby Swanson called out on strikes.  ,R ,R,R,NYM,ATL,B,0,0,0,1,2017,0.4468200931062456,4.489051147547892,1.404983395387,1.49756790045402,null,null,null,0,4,top,0,0,180914,2017-04-03T18:09:14Z,425784,427269,170403_180919,4.67,-132.452102050744,-8.29,0.79,27.88,-24.19,3.69,1.69,null,null,null,90.97,1984,6.22,490098
SI,175,2017-04-03,96.42,-0.486060868913756,6.41146995493301,Noah Syndergaard,621020,592789,Strikeout,Swinging Strike,230.73,3050.405,54.6,5.8,13,Dansby Swanson called out on strikes.  ,R ,R,R,NYM,ATL,S,0,0,1,1,2017,-11.67700662592376,9.546960074367096,-1.73565137696432,1.94278731234633,null,null,null,0,4,top,0,0,180929,2017-04-03T18:09:29Z,425784,427269,170403_180934,0.72,-139.9895672954,-9.8,-22.79,36.49,-13.54,3.69,1.69,null,null,null,95.49,2075,6.23,490098
SL,176,2017-04-03,91.93,-0.32878987651163,6.25643099134356,Noah Syndergaard,621020,592789,Strikeout,Ball,176.087,850.652,-3.7,5.9,14,Dansby Swanson called out on strikes.  ,R ,R,R,NYM,ATL,B,0,0,1,2,2017,0.2948124798200447,4.308189807588684,2.06844376122652,0.984511153361597,null,null,null,0,4,top,0,0,180949,2017-04-03T18:09:49Z,425784,427269,170403_180955,6.23,-133.525055967921,-9.31,0.53,27.61,-24.36,3.69,1.69,null,null,null,91.75,2071,6.19,490098
SI,177,2017-04-03,98.43,-0.238855673698097,6.34998719263929,Noah Syndergaard,621020,592789,Strikeout,Ball,223.422,2499.995,43.2,4.4,14,Dansby Swanson called out on strikes.  ,R ,R,R,NYM,ATL,B,0,0,2,2,2017,-8.174292236638523,8.637115648919124,1.10413656996181,2.02130605032924,null,null,null,0,4,top,0,0,181014,2017-04-03T18:10:14Z,425784,427269,170403_181019,6.79,-142.883711731686,-9.69,-16.92,32.45,-14.29,3.69,1.69,null,null,null,97.86,2182,6.07,490098
SL,178,2017-04-03,92.4,-0.50406533448201,6.38609427062448,Noah Syndergaard,621020,592789,Strikeout,Called Strike,166.753,1083.35,-6.9,5.4,14,Dansby Swanson called out on strikes.  ,R ,R,R,NYM,ATL,S,0,0,3,2,2017,1.254352911747504,5.327529043237693,0.859101085134612,1.76843692746417,null,null,null,0,4,top,0,0,181035,2017-04-03T18:10:35Z,425784,427269,170403_181040,3.19,-134.32421222636,-8.04,2.3,28.26,-22.41,3.69,1.69,null,null,null,91.79,1964,5.91,490098
CU,173,2017-04-03,83.01,-0.705576319316749,6.51395630556229,Noah Syndergaard,621020,592789,Strikeout,Called Strike,91.797,461.953,-7.3,9.1,9,Dansby Swanson called out on strikes.  ,R ,R,R,NYM,ATL,S,0,0,0,0,2017,2.61647495137632,0.0821187662066413,0.484883785809151,2.19524967283513,null,null,null,0,4,top,0,0,180859,2017-04-03T18:08:59Z,425784,427269,170403_180904,2.02,-120.70812086099,-3.53,3.84,24.56,-32.05,3.69,1.69,null,null,null,81.65,2098,5.51,490098
CH,183,2017-04-03,89.15,-0.605934901323233,6.11372141045232,Noah Syndergaard,518692,592789,Triple,Ball,234.032,2135.606,32.2,6.6,13,Freddie Freeman triples (1) on a line drive to right fielder Jay Bruce.,R ,L,R,NYM,ATL,B,9,3,1,0,2017,-9.121493553998892,6.6193021653686035,-0.315931235424567,0.0080187392826207,null,null,null,1,4,top,182.16,71.45,181120,2017-04-03T18:11:20Z,425784,427269,170403_181125,3.76,-129.345386208318,-11.46,-15.41,27.67,-20.99,3.69,1.69,null,null,null,88.87,1723,6.34,490098
SL,184,2017-04-03,92.29,-0.550316618663442,6.42517924269919,Noah Syndergaard,518692,592789,Triple,Foul,179.586,961.058,-0.9,5.3,5,Freddie Freeman triples (1) on a line drive to right fielder Jay Bruce.,R ,L,R,NYM,ATL,S,9,3,2,0,2017,0.0349889465540456,4.824683707345368,0.0773693171629294,2.94434836539433,null,null,null,1,4,top,182.16,71.45,181140,2017-04-03T18:11:40Z,425784,427269,170403_181146,1.66,-134.42804365152,-4.9,0.06,26.78,-23.27,3.69,1.69,null,null,null,92.47,2005,6.16,490098
SI,185,2017-04-03,98.47,-0.543811832339381,6.3083957108492,Noah Syndergaard,518692,592789,Triple,In play no out,237.812,2658.974,47.2,5.6,4,Freddie Freeman triples (1) on a line drive to right fielder Jay Bruce.,R ,L,R,NYM,ATL,X,9,3,2,1,2017,-10.68314026600975,6.724374622288188,-0.304157837805251,2.88468802708067,null,null,null,1,4,top,182.16,71.45,181203,2017-04-03T18:12:03Z,425784,427269,170403_181214,4.6,-143.205876968692,-6.47,-22.21,32.68,-18.19,3.69,1.69,373,107.3,22.92,98.08,2142,6.08,490098
SL,182,2017-04-03,92.47,-0.549865712923816,6.3185939087725,Noah Syndergaard,518692,592789,Triple,Ball,175.297,889.85,-3.3,5.7,14,Freddie Freeman triples (1) on a line drive to right fielder Jay Bruce.,R ,L,R,NYM,ATL,B,9,3,0,0,2017,0.3694675617548736,4.4893594446798355,1.0073851880661,1.65734644701257,null,null,null,1,4,top,182.16,71.45,181107,2017-04-03T18:11:07Z,425784,427269,170403_181112,4.01,-134.44640172939,-7.86,0.68,29.1,-23.96,3.69,1.69,null,null,null,92.25,2060,6.2,490098
SI,190,2017-04-03,97.45,-0.705697237634014,6.25835806465821,Noah Syndergaard,461314,592789,Strikeout,Ball,223.424,3021.697,56.3,4.9,13,Matt Kemp strikes out swinging.  ,R ,R,R,NYM,ATL,B,0,0,0,1,2017,-10.11699386171712,10.689002784860449,-1.46831136048836,2.02698618384495,518692,null,null,1,4,top,0,0,181323,2017-04-03T18:13:23Z,425784,427269,170403_181328,1.53,-141.497029490681,-9.82,-20.26,35.99,-10.77,3.58,1.68,null,null,null,96.54,2115,6.15,490098
CH,191,2017-04-03,89.73,-0.545572198921817,6.05793446890207,Noah Syndergaard,461314,592789,Strikeout,Swinging Strike (Blocked),238.155,2268.721,34.6,6.8,14,Matt Kemp strikes out swinging.  ,R ,R,R,NYM,ATL,S,0,0,1,1,2017,-10.11145306479901,6.280149229428,0.0411339962312507,0.229385149847016,518692,null,null,1,4,top,0,0,181347,2017-04-03T18:13:47Z,425784,427269,170403_181352,4.88,-130.22847155611,-10.79,-17.3,28.3,-21.43,3.58,1.68,null,null,null,89.69,1806,6.49,490098
CH,192,2017-04-03,89.97,-0.604732752209325,6.12519909481101,Noah Syndergaard,461314,592789,Strikeout,Swinging Strike,250.55,2347.998,35.3,7.6,14,Matt Kemp strikes out swinging.  ,R ,R,R,NYM,ATL,S,0,0,1,2,2017,-11.41837339340750,4.032130238430996,0.173846607531581,0.901023202278271,518692,null,null,1,4,top,0,0,181417,2017-04-03T18:14:17Z,425784,427269,170403_181422,5.87,-130.830488708585,-8.7,-19.97,25.32,-25.12,3.58,1.68,null,null,null,90.97,1858,6.75,490098
SI,189,2017-04-03,97.7,-0.584101898517142,6.36522219385706,Noah Syndergaard,461314,592789,Strikeout,Swinging Strike,227.63,3037.698,55.9,5.2,13,Matt Kemp strikes out swinging.  ,R ,R,R,NYM,ATL,S,0,0,0,0,2017,-11.29761472464765,10.305037246575468,-1.08312937211162,2.47795880008425,518692,null,null,1,4,top,0,0,181259,2017-04-03T18:12:59Z,425784,427269,170403_181300,2.56,-142.087074797488,-8.65,-21.98,38.01,-12.12,3.58,1.68,null,null,null,97.34,2050,6.48,490098
SL,197,2017-04-03,92.37,-0.576424547457189,6.29899379620811,Noah Syndergaard,455976,592789,Strikeout,Ball,197.586,889.374,4.4,5.7,14,Nick Markakis strikes out swinging.  ,R ,L,R,NYM,ATL,B,0,0,1,0,2017,-1.3491961008762,4.25640728355516,0.272822399331373,1.48932914213139,518692,null,null,2,4,top,0,0,181519,2017-04-03T18:15:19Z,425784,427269,170403_181524,2.73,-134.450033571022,-8.25,-2.49,26.85,-24.32,3.66,1.73,null,null,null,93.1,2059,6.53,490098
SL,198,2017-04-03,90.49,-0.482040424266529,6.34457059827719,Noah Syndergaard,455976,592789,Strikeout,Called Strike,189.373,961.946,2.4,5.8,14,Nick Markakis strikes out swinging.  ,R ,L,R,NYM,ATL,S,0,0,2,0,2017,-0.830290324022660,5.029001497525968,0.176353574696499,1.72622839893638,518692,null,null,2,4,top,0,0,181541,2017-04-03T18:15:41Z,425784,427269,170403_181542,1.99,-131.822054660111,-7.49,-1.42,28.07,-23.55,3.66,1.73,null,null,null,90.99,2047,6.52,490098
CH,199,2017-04-03,89.01,-0.643513858931317,6.12634656894157,Noah Syndergaard,455976,592789,Strikeout,Ball In Dirt,246.996,2510.224,38.1,7.7,13,Nick Markakis strikes out swinging.  ,R ,L,R,NYM,ATL,B,0,0,2,1,2017,-12.17798933087112,5.170105792495152,-0.551861610382848,0.972428379791471,518692,null,null,2,4,top,0,0,181602,2017-04-03T18:16:02Z,425784,427269,170403_181607,4.27,-129.370255843901,-8.57,-20.6,27.41,-23.43,3.66,1.73,null,null,null,89.19,1772,6.5,490098
SI,200,2017-04-03,98.05,-0.420945951048065,6.36279776329187,Noah Syndergaard,455976,592789,Strikeout,Called Strike,234.157,2410.83,42.2,5.2,12,Nick Markakis strikes out swinging.  ,R ,L,R,NYM,ATL,S,0,0,3,1,2017,-9.286044279002219,6.707825556580932,0.862728180082728,3.19708300988742,518692,null,null,2,4,top,0,0,181627,2017-04-03T18:16:27Z,425784,427269,170403_181632,7.03,-142.656307043981,-5.69,-19.22,31.52,-18.29,3.66,1.73,null,null,null,98.71,2152,6.58,490098
SI,201,2017-04-03,98.86,-0.390088396678767,6.36538551374831,Noah Syndergaard,455976,592789,Strikeout,Foul,221.98,2516.602,45.9,4.3,2,Nick Markakis strikes out swinging.  ,R ,L,R,NYM,ATL,S,0,0,3,2,2017,-8.165830827804108,9.075217905084443,-0.015368235420673,3.0475220579437,518692,null,null,2,4,top,0,0,181652,2017-04-03T18:16:52Z,425784,427269,170403_181653,4.01,-143.828710975916,-7,-16.69,34.49,-13.63,3.66,1.73,null,null,null,98.42,2273,6.12,490098
SL,196,2017-04-03,91.59,-0.555887078568914,6.33322618084403,Noah Syndergaard,455976,592789,Strikeout,Ball,185.631,691.624,-0.1,6.1,14,Nick Markakis strikes out swinging.  ,R ,L,R,NYM,ATL,B,0,0,0,0,2017,-0.343332692446827,3.4809517086142323,0.890495337757352,1.48198997612605,518692,null,null,2,4,top,0,0,181458,2017-04-03T18:14:58Z,425784,427269,170403_181503,3.94,-133.253482554183,-7.92,-0.62,25.93,-25.85,3.66,1.73,null,null,null,91.82,0,6.23,490098
SL,202,2017-04-03,93.4,-0.62286127626895,6.29475312452746,Noah Syndergaard,455976,592789,Strikeout,Foul,176.758,1063.774,-2.5,5.1,9,Nick Markakis strikes out swinging.  ,R ,L,R,NYM,ATL,S,0,0,3,2,2017,0.3019693395695784,5.327912103216001,0.296276759189179,2.26228728456289,518692,null,null,2,4,top,0,0,181718,2017-04-03T18:17:18Z,425784,427269,170403_181719,2.37,-135.980493314456,-6.73,0.56,27.89,-22.22,3.66,1.73,null,null,null,93.27,1982,6.04,490098
SL,203,2017-04-03,93.65,-0.609594623375508,6.30263752440255,Noah Syndergaard,455976,592789,Strikeout,Swinging Strike,180.57,1219.008,-0.7,4.8,8,Nick Markakis strikes out swinging.  ,R ,L,R,NYM,ATL,S,0,0,3,2,2017,-0.060439435065937,6.053168358848737,0.0988921365482987,1.74937431790763,518692,null,null,2,4,top,0,0,181749,2017-04-03T18:17:49Z,425784,427269,170403_181754,1.93,-136.258083649448,-8.44,-0.11,28.26,-20.73,3.66,1.73,null,null,null,93.99,2098,6.37,490098
CU,253,2017-04-03,82.72,-0.65414646839264,6.50820640414416,Noah Syndergaard,408252,592789,Flyout,In play out(s),108.891,124.041,-2.2,9,5,Brandon Phillips flies out to center fielder Curtis Granderson.  ,R ,R,R,NYM,ATL,X,8,1,0,0,2017,0.6751729217509572,0.2310754888861584,0.126421386376412,2.23484636570038,null,null,null,0,5,top,164.53,79.1,183425,2017-04-03T18:34:25Z,425784,427269,170403_183426,1.65,-120.488196365631,-3.44,0.97,24.54,-31.84,3.37,1.54,301,91.3,38.38,81.82,0,5.71,490098
SI,266,2017-04-03,96.4,-0.524794217542653,6.40609869116623,Noah Syndergaard,452095,592789,Single,Ball,228.81,2642.902,48.8,4.9,12,Tyler Flowers singles on a line drive to left fielder Yoenis Cespedes.  ,R ,R,R,NYM,ATL,B,7,3,0,1,2017,-9.599349482343108,8.400498515419812,0.0130005611838306,4.43897129412717,null,null,null,2,5,top,79.38,130.59,183706,2017-04-03T18:37:06Z,425784,427269,170403_183711,4.96,-140.395387995508,-2.7,-19.25,30.43,-15.33,3.58,1.6,null,null,null,null,null,null,490098
SI,267,2017-04-03,96.52,-0.227176773735625,6.20914408184,Noah Syndergaard,452095,592789,Single,Ball,216.17,2745.437,47.8,3.9,14,Tyler Flowers singles on a line drive to left fielder Yoenis Cespedes.  ,R ,R,R,NYM,ATL,B,7,3,1,1,2017,-7.823683055204723,10.701173457731016,0.909092830941715,1.52679430005368,null,null,null,2,5,top,79.38,130.59,183724,2017-04-03T18:37:24Z,425784,427269,170403_183729,5.97,-140.140317646377,-11.05,-15.65,29.9,-10.77,3.58,1.6,null,null,null,96.76,2257,6.42,490098
SL,268,2017-04-03,91.15,-0.364472016788751,6.23926759531911,Noah Syndergaard,452095,592789,Single,Foul,188.984,1208.795,3.5,5.1,14,Tyler Flowers singles on a line drive to left fielder Yoenis Cespedes.  ,R ,R,R,NYM,ATL,S,7,3,2,1,2017,-0.957214375389046,6.0530890611623525,0.277107034431877,1.42473115214106,null,null,null,2,5,top,79.38,130.59,183742,2017-04-03T18:37:42Z,425784,427269,170403_183748,2.02,-132.633233535394,-8.63,-1.73,25.09,-21.26,3.58,1.6,null,null,null,91.55,2061,6.27,490098
CH,269,2017-04-03,89.16,-0.563070400709524,6.21002364895674,Noah Syndergaard,452095,592789,Single,Ball,240.509,2440.107,38.3,7.1,13,Tyler Flowers singles on a line drive to left fielder Yoenis Cespedes.  ,R ,R,R,NYM,ATL,B,7,3,2,2,2017,-11.21615135647532,6.343357266318961,-0.587683571348962,1.54338862102555,null,null,null,2,5,top,79.38,130.59,183806,2017-04-03T18:38:06Z,425784,427269,170403_183811,3.65,-129.638288616549,-7.72,-18.98,28.54,-21.44,3.58,1.6,null,null,null,89.27,1788,6.52,490098
SI,270,2017-04-03,97.78,-0.361675950439354,6.26557583140967,Noah Syndergaard,452095,592789,Single,In play no out,224.094,2476.818,44.6,4.6,1,Tyler Flowers singles on a line drive to left fielder Yoenis Cespedes.  ,R ,R,R,NYM,ATL,X,7,3,3,2,2017,-8.317866597512245,8.584888392543084,-0.304447963987556,2.93971731989848,null,null,null,2,5,top,79.38,130.59,183832,2017-04-03T18:38:32Z,425784,427269,170403_183840,3.18,-142.170977979851,-6.67,-16.89,35.01,-14.74,3.58,1.6,205,93.1,8.15,97.19,2086,6.17,490098
SL,265,2017-04-03,91.61,-0.552339038796171,6.35638140468049,Noah Syndergaard,452095,592789,Single,Called Strike,180.396,1283.076,-1.5,4.8,14,Tyler Flowers singles on a line drive to left fielder Yoenis Cespedes.  ,R ,R,R,NYM,ATL,S,7,3,0,0,2017,-0.045906032239101,6.609510072234384,0.817202126616259,2.42462527211827,null,null,null,2,5,top,79.38,130.59,183648,2017-04-03T18:36:48Z,425784,427269,170403_183650,3.64,-133.399400389394,-6.54,-0.08,26.13,-20.38,3.58,1.6,null,null,null,91.82,2049,6.17,490098
SI,275,2017-04-03,96.72,-0.656982827726103,6.35621306106503,Noah Syndergaard,527054,592789,Forceout,In play out(s),219.673,2818.236,53.1,4.4,11,Julio Teheran grounds into a force out shortstop Asdrubal Cabrera to second baseman Neil Walker.   Tyler Flowers out at 2nd.,R ,R,R,NYM,ATL,X,6,4,1,0,2017,-8.857169166577943,10.678313381539573,-0.934289209793095,3.58651114786649,null,null,452095,2,5,top,106.56,157.47,183925,2017-04-03T18:39:25Z,425784,427269,170403_183932,2.4,-140.630958748372,-5.61,-17.44,36.87,-11.15,3.58,1.6,123,64.5,8.67,96.07,2223,6.32,490098
SL,274,2017-04-03,91.09,-0.510154912127513,6.38569270431485,Noah Syndergaard,527054,592789,Forceout,Ball,176.354,866.339,-3,5.7,12,Julio Teheran grounds into a force out shortstop Asdrubal Cabrera to second baseman Neil Walker.   Tyler Flowers out at 2nd.,R ,R,R,NYM,ATL,B,6,4,0,0,2017,0.280906169777646,4.406609046627468,1.14476828346902,3.00299324697043,null,null,452095,2,5,top,106.56,157.47,183908,2017-04-03T18:39:08Z,425784,427269,170403_183913,4.25,-132.628571124924,-4.26,0.5,26.51,-24.27,3.58,1.6,null,null,null,91.25,2085,6.21,490098
SI,306,2017-04-03,95.6,-0.433357353976778,6.45093244817757,Noah Syndergaard,542255,592789,Groundout,Ball,219.131,2286.897,38,4.4,2,Ender Inciarte grounds out sharply second baseman Neil Walker to first baseman Lucas Duda.  ,R ,L,R,NYM,ATL,B,4,4,1,0,2017,-7.146030721280471,8.783227493864388,-0.094476805807701,3.26924454113906,null,null,null,0,6,top,140.44,144.65,185049,2017-04-03T18:50:49Z,425784,427269,170403_185054,3.46,-139.003478233184,-5.91,-13.83,34.34,-15.18,3.32,1.51,null,null,null,null,null,null,490098
SI,307,2017-04-03,95.9,-0.317181940184805,6.26630008787128,Noah Syndergaard,542255,592789,Groundout,Called Strike,230.099,2511.951,43,5.4,8,Ender Inciarte grounds out sharply second baseman Neil Walker to first baseman Lucas Duda.  ,R ,L,R,NYM,ATL,S,4,4,2,0,2017,-9.517323171516695,7.957695886738092,0.0197851091971831,2.11106562919687,null,null,null,0,6,top,140.44,144.65,185107,2017-04-03T18:51:07Z,425784,427269,170403_185112,4.3,-139.402285441651,-8.34,-18.52,34.64,-16.69,3.32,1.51,null,null,null,null,null,null,490098
SI,308,2017-04-03,96.9,-0.374971116090009,6.34242980375094,Noah Syndergaard,542255,592789,Groundout,In play out(s),222.489,2607.269,46.7,4.6,1,Ender Inciarte grounds out sharply second baseman Neil Walker to first baseman Lucas Duda.  ,R ,L,R,NYM,ATL,X,4,4,2,1,2017,-8.781294838819369,9.58641229129578,-0.357892116229646,2.75590398689097,null,null,null,0,6,top,140.44,144.65,185126,2017-04-03T18:51:26Z,425784,427269,170403_185127,3.13,-140.459728827668,-7.46,-17.05,34.31,-13.56,3.32,1.51,null,null,null,null,null,null,490098
SL,305,2017-04-03,89.1,-0.629302110456385,6.32872061318543,Noah Syndergaard,542255,592789,Groundout,Ball,176.168,983.877,-2.6,6.1,14,Ender Inciarte grounds out sharply second baseman Neil Walker to first baseman Lucas Duda.  ,R ,L,R,NYM,ATL,B,4,4,0,0,2017,0.348222242426802,5.1961308459129,0.558289319162059,1.00480783310231,null,null,null,0,6,top,140.44,144.65,185031,2017-04-03T18:50:31Z,425784,427269,170403_185036,2.91,-129.383754983163,-8.97,0.59,28.52,-23.42,3.32,1.51,null,null,null,null,null,null,490098
SI,313,2017-04-03,95.61,-0.455282589241326,6.38809955704312,Noah Syndergaard,621020,592789,Single,Foul,216.763,2745.017,49.5,4.2,1,Dansby Swanson singles on a sharp line drive to right fielder Jay Bruce.  ,R ,R,R,NYM,ATL,S,9,3,0,1,2017,-8.26648153217004,11.064599749532928,-0.512601407887329,3.08605317596506,null,null,null,1,6,top,185.16,98.89,185215,2017-04-03T18:52:15Z,425784,427269,170403_185216,2.73,-139.018430504186,-6.97,-15.74,35.43,-11.1,3.32,1.51,null,null,null,94.64,2248,6.06,490098
SI,314,2017-04-03,97.73,-0.323063456732207,6.4190695906077,Noah Syndergaard,621020,592789,Single,In play no out,226.65,2368.648,41.7,4.7,3,Dansby Swanson singles on a sharp line drive to right fielder Jay Bruce.  ,R ,R,R,NYM,ATL,X,9,3,0,2,2017,-8.253741537202139,7.791334908939372,0.23772396593555,2.80996576158225,null,null,null,1,6,top,185.16,98.89,185239,2017-04-03T18:52:39Z,425784,427269,170403_185241,4.58,-142.289731437709,-7.26,-16.89,31.87,-16.23,3.32,1.51,277,106.1,9.76,98.1,2179,6.4,490098
SL,312,2017-04-03,90.42,-0.530221220629071,6.43325621277799,Noah Syndergaard,621020,592789,Single,Called Strike,166.469,1081.636,-6.6,5.5,3,Dansby Swanson singles on a sharp line drive to right fielder Jay Bruce.  ,R ,R,R,NYM,ATL,S,9,3,0,0,2017,1.3304700642102119,5.5280396865595804,0.472352898067156,2.89094245426045,null,null,null,1,6,top,185.16,98.89,185159,2017-04-03T18:51:59Z,425784,427269,170403_185200,2.16,-131.69587007949,-4.85,2.3,28.32,-22.63,3.32,1.51,null,null,null,90.05,2111,6.02,490098
CH,321,2017-04-03,87.37,-0.736484282001166,6.20389834300892,Noah Syndergaard,518692,592789,Single,In play no out,242.569,2309.681,35,7.5,13,Freddie Freeman singles on a line drive to center fielder Curtis Granderson.   Dansby Swanson to 3rd.,R ,L,R,NYM,ATL,X,8,3,1,0,2017,-11.09062979779465,5.75639055498096,-0.489927752778728,1.56733206947135,null,null,621020,1,6,top,139.53,106.53,185502,2017-04-03T18:55:02Z,425784,427269,170403_185511,4.21,-126.953787866164,-7,-17.94,28.15,-22.86,3.69,1.69,0,99.3,0,86.82,1626,6.21,490098
SL,320,2017-04-03,88.65,-0.613157664338197,6.37304080297712,Noah Syndergaard,518692,592789,Single,Ball,197.443,789.827,2.9,6.3,14,Freddie Freeman singles on a line drive to center fielder Curtis Granderson.   Dansby Swanson to 3rd.,R ,L,R,NYM,ATL,B,8,3,0,0,2017,-1.246153940826996,3.965729684198652,0.969734860388172,2.44838055343616,null,null,621020,1,6,top,139.53,106.53,185439,2017-04-03T18:54:39Z,425784,427269,170403_185440,4.46,-129.041276552335,-5.05,-2.11,24.87,-25.47,3.69,1.69,null,null,null,88.16,1949,5.79,490098
SI,329,2017-04-03,96.94,-0.541166502431821,6.26320079589544,Noah Syndergaard,461314,592789,Strikeout,Foul,232.315,3078.544,54.8,5.6,7,Matt Kemp strikes out swinging.  ,R ,R,R,NYM,ATL,S,0,0,0,1,2017,-12.15296783550228,9.38768615472689,-0.516213111460402,2.15575650720473,621020,null,518692,1,6,top,0,0,185639,2017-04-03T18:56:39Z,425784,427269,170403_185641,4.33,-140.904860783782,-8.89,-23.66,33.96,-13.9,3.58,1.68,null,null,null,96.36,2142,6.15,490098
SL,330,2017-04-03,93.83,-0.884583167657012,6.08757167462455,Noah Syndergaard,461314,592789,Strikeout,Ball,181.241,1753.534,1.5,3.9,13,Matt Kemp strikes out swinging.  ,R ,R,R,NYM,ATL,B,0,0,0,2,2017,-0.195196129612473,8.9935703040099,-1.13136499924438,1.23985946432714,621020,null,518692,1,6,top,0,0,185710,2017-04-03T18:57:10Z,425784,427269,170403_185711,-0.6,-136.413914110791,-10.14,-0.36,30.24,-15.69,3.58,1.68,null,null,null,93.56,2000,6.19,490098
CH,331,2017-04-03,87.56,-0.51977631417585,6.10037836290128,Noah Syndergaard,461314,592789,Strikeout,Swinging Strike,241.694,2084.305,31.7,7.2,13,Matt Kemp strikes out swinging.  ,R ,R,R,NYM,ATL,S,0,0,1,2,2017,-9.738899296556196,5.244975779585747,-0.354597242038041,0.972805714900834,621020,null,518692,1,6,top,0,0,185736,2017-04-03T18:57:36Z,425784,427269,170403_185741,3.61,-127.415277490019,-8.28,-16.12,24.55,-23.49,3.58,1.68,null,null,null,88.57,1773,6.78,490098
SI,327,2017-04-03,94.59,-0.433401817154465,6.23177767200382,Noah Syndergaard,461314,592789,Strikeout,Foul,220.541,2780.006,49,4.7,13,Matt Kemp strikes out swinging.  ,R ,R,R,NYM,ATL,S,0,0,0,0,2017,-9.215198327379131,10.773589328074811,-0.873460382997462,1.76163995572054,621020,null,518692,1,6,top,0,0,185556,2017-04-03T18:55:56Z,425784,427269,170403_185557,1.98,-137.504398501832,-9.83,-17.13,33.45,-12.15,3.58,1.68,null,null,null,94.6,2077,6.56,490098
SL,338,2017-04-03,92.13,-0.536624958135929,6.11566718818018,Noah Syndergaard,455976,592789,Lineout,Ball,170.857,931.251,-4.9,5.7,14,Nick Markakis lines out to left fielder Yoenis Cespedes.  ,R ,L,R,NYM,ATL,B,7,3,2,0,2017,0.7534704105593051,4.680644258433864,1.21875774565471,1.03067282027762,621020,null,518692,2,6,top,90.3,100.94,190004,2017-04-03T19:00:04Z,425784,427269,170403_190006,4.4,-133.974696092026,-9.01,1.37,27.5,-23.68,3.65,1.75,null,null,null,92.15,2040,6.22,490098
SL,339,2017-04-03,91.21,-0.597639141004061,6.18161702567793,Noah Syndergaard,455976,592789,Lineout,Foul,172.105,1133.29,-4.7,5.3,14,Nick Markakis lines out to left fielder Yoenis Cespedes.  ,R ,L,R,NYM,ATL,S,7,3,3,0,2017,0.8155738592481659,5.880288567526008,0.535340549902452,1.74691330437816,621020,null,518692,2,6,top,90.3,100.94,190030,2017-04-03T19:00:30Z,425784,427269,170403_190031,2.71,-132.798781950668,-7.51,1.43,26.22,-21.9,3.65,1.75,null,null,null,91.5,2039,6.25,490098
SL,340,2017-04-03,91.17,-0.730494281977905,6.34047938041755,Noah Syndergaard,455976,592789,Lineout,Foul Tip,182.351,949.401,0.2,5.4,2,Nick Markakis lines out to left fielder Yoenis Cespedes.  ,R ,L,R,NYM,ATL,S,7,3,3,1,2017,-0.197470916300972,4.805461777195932,-0.140236437864434,3.24837295317592,621020,null,518692,2,6,top,90.3,100.94,190101,2017-04-03T19:01:01Z,425784,427269,170403_190106,1.62,-132.851838299553,-3.69,-0.36,25.41,-23.49,3.65,1.75,null,null,null,91.5,1971,6.17,490098
SL,341,2017-04-03,91.86,-0.782924116596069,6.3138675516069,Noah Syndergaard,455976,592789,Lineout,Foul (Runner Going),181.738,1275.8,0.3,4.8,4,Nick Markakis lines out to left fielder Yoenis Cespedes.  ,R ,L,R,NYM,ATL,S,7,3,3,2,2017,-0.195008048792348,6.421285392347808,-0.27764500824295,2.60598153027916,621020,null,518692,2,6,top,90.3,100.94,190136,2017-04-03T19:01:36Z,425784,427269,170403_190142,1.41,-133.755347103199,-5.99,-0.36,25.97,-20.42,3.65,1.75,null,null,null,91.85,1958,6.03,490098
SI,336,2017-04-03,96,-0.589012119522527,6.57569533167008,Noah Syndergaard,455976,592789,Lineout,Ball,227.297,2479.578,45.9,4.7,12,Nick Markakis lines out to left fielder Yoenis Cespedes.  ,R ,L,R,NYM,ATL,B,7,3,0,0,2017,-9.232325969932392,8.519862116545571,0.29090521400773,5.90012495316483,621020,null,518692,2,6,top,90.3,100.94,185843,2017-04-03T18:58:43Z,425784,427269,170403_185845,5.61,-139.767069024171,1.04,-17.56,33.41,-15.97,3.65,1.75,null,null,null,95.42,2121,6.04,490098
SI,337,2017-04-03,97.12,-0.598289143073213,6.30979141007687,Noah Syndergaard,455976,592789,Lineout,Ball,229.575,2355.563,41.6,4.8,3,Nick Markakis lines out to left fielder Yoenis Cespedes.  ,R ,L,R,NYM,ATL,B,7,3,1,0,2017,-8.563922993131849,7.294824661508388,0.477008791736547,3.56664634653344,621020,null,518692,2,6,top,90.3,100.94,185912,2017-04-03T18:59:12Z,425784,427269,170403_185917,6.13,-141.300014176502,-4.59,-17.46,29.57,-17.3,3.65,1.75,null,null,null,96.98,2045,6.04,490098
SI,342,2017-04-03,98.18,-0.514658580898514,6.11395540413603,Noah Syndergaard,455976,592789,Lineout,In play out(s),226.46,2817.558,51.5,4.8,8,Nick Markakis lines out to left fielder Yoenis Cespedes.  ,R ,L,R,NYM,ATL,X,7,3,3,2,2017,-10.09897467454101,9.596596247882509,0.078388116546884,2.25702420149447,621020,null,518692,2,6,top,90.3,100.94,190208,2017-04-03T19:02:08Z,425784,427269,170403_190209,5.24,-142.740776536077,-8.54,-20.1,33.6,-13.08,3.65,1.75,0,94.3,0,98.16,2194,6.37,490098
SI,258,2017-04-03,96.31,-0.259730711488357,6.36358566639977,Noah Syndergaard,611177,592789,Groundout,Called Strike,216.32,2828.221,50.2,4,14,Adonis Garcia grounds out pitcher Noah Syndergaard to first baseman Lucas Duda.  ,R ,R,R,NYM,ATL,S,1,4,1,0,2017,-8.151246398444831,11.088219251428548,0.82902635692417,2.14226017496573,null,null,null,1,5,top,131.21,183.83,183517,2017-04-03T18:35:17Z,425784,427269,170403_183522,5.93,-139.864277531493,-9.81,-16.15,31.49,-10.21,3.37,1.54,null,null,null,96.24,2201,6.36,490098
SI,259,2017-04-03,94.99,-0.637489730157271,6.37802904669231,Noah Syndergaard,611177,592789,Groundout,Ball,216.231,2700.605,50.1,4.3,11,Adonis Garcia grounds out pitcher Noah Syndergaard to first baseman Lucas Duda.  ,R ,R,R,NYM,ATL,B,1,4,1,1,2017,-8.130912069039228,11.09642601803334,-2.38346978297379,2.999752728586,null,null,null,1,5,top,131.21,183.83,183531,2017-04-03T18:35:31Z,425784,427269,170403_183532,-1.97,-138.149799639594,-7.1,-15.2,31.74,-11.43,3.37,1.54,null,null,null,94.46,2168,6.08,490098
SL,260,2017-04-03,90.9,-0.419532049781578,6.36315228688814,Noah Syndergaard,611177,592789,Groundout,Foul Tip,184.874,834.043,0.3,5.9,9,Adonis Garcia grounds out pitcher Noah Syndergaard to first baseman Lucas Duda.  ,R ,R,R,NYM,ATL,S,1,4,2,1,2017,-0.362347436281477,4.247986554059736,0.568686672963851,1.78734906381241,null,null,null,1,5,top,131.21,183.83,183547,2017-04-03T18:35:47Z,425784,427269,170403_183552,2.71,-132.262773016807,-7.29,-0.65,26.41,-24.6,3.37,1.54,null,null,null,90.87,2060,6.13,490098
SL,261,2017-04-03,90.46,-0.521914534560604,6.35211368242854,Noah Syndergaard,611177,592789,Groundout,In play out(s),162.79,1204.906,-9.3,5.4,14,Adonis Garcia grounds out pitcher Noah Syndergaard to first baseman Lucas Duda.  ,R ,R,R,NYM,ATL,X,1,4,2,2,2017,1.8270080168443799,5.897770313852112,0.965549981813993,1.59354567934047,null,null,null,1,5,top,131.21,183.83,183608,2017-04-03T18:36:08Z,425784,427269,170403_183614,3.26,-131.571505263056,-8.24,3.23,25.4,-21.74,3.37,1.54,55,84.7,-13.33,90.32,2102,6.03,490098
CU,257,2017-04-03,82.58,-0.657319473313849,6.42205157489931,Noah Syndergaard,611177,592789,Groundout,Ball,114.898,620.411,-8.5,8.7,13,Adonis Garcia grounds out pitcher Noah Syndergaard to first baseman Lucas Duda.  ,R ,R,R,NYM,ATL,B,1,4,0,0,2017,3.228245588258088,1.498341420519012,-0.239497524516169,1.52947363139917,null,null,null,1,5,top,131.21,183.83,183459,2017-04-03T18:34:59Z,425784,427269,170403_183501,0.01,-120.20675199201,-5.29,4.66,23.16,-30.01,3.37,1.54,null,null,null,81.57,2216,5.56,490098
SI,10,2017-04-03,97.72,-0.504670844926456,6.49028665808617,Noah Syndergaard,621020,592789,Groundout,In play out(s),226.366,2398.602,43.5,4.7,11,Dansby Swanson grounds out pitcher Noah Syndergaard to first baseman Lucas Duda.  ,R ,R,R,NYM,ATL,X,1,4,1,0,2017,-8.23988064403536,7.855779986055456,-0.767161518601717,2.94289577185074,null,null,null,1,1,top,129.38,180.26,171547,2017-04-03T17:15:47Z,425784,427269,,2.28,-142.277436058488,-7.17,-17.03,30.2,-15.94,3.32,1.51,54,72.5,-24.04,98.27,2042,6.4,490098
SI,9,2017-04-03,99.2,-0.43948154903663,6.38520751581143,Noah Syndergaard,621020,592789,Groundout,Ball,235.472,2799.943,49,5.6,8,Dansby Swanson grounds out pitcher Noah Syndergaard to first baseman Lucas Duda.  ,R ,R,R,NYM,ATL,B,1,4,0,0,2017,-10.93567446040006,7.523461798553772,-0.002476174224560,1.7217349128322,null,null,null,1,1,top,129.38,180.26,171526,2017-04-03T17:15:26Z,425784,427269,,5.27,-144.028802378484,-10.35,-22.9,34.41,-16.42,3.32,1.51,null,null,null,98.82,2216,6.27,490098
SL,59,2017-04-03,92.11,-0.430924399474356,6.41885227846138,Noah Syndergaard,461314,592789,Groundout,Swinging Strike,167.62,795.845,-5.1,5.9,14,Matt Kemp grounds out second baseman Neil Walker to first baseman Lucas Duda.  ,R ,R,R,NYM,ATL,S,4,4,1,0,2017,0.8609683146497376,3.921923830441056,1.28966835131715,1.6927150215239,null,null,null,0,2,top,133.5,142.88,173308,2017-04-03T17:33:08Z,425784,427269,170403_173313,4.27,-133.968141114553,-7.83,1.58,27.02,-25,3.65,1.75,null,null,null,92.02,2079,6.11,490098
SI,60,2017-04-03,97.73,-0.361019714513855,6.36091363081153,Noah Syndergaard,461314,592789,Groundout,Swinging Strike,222.447,2710.111,48.4,4.6,13,Matt Kemp grounds out second baseman Neil Walker to first baseman Lucas Duda.  ,R ,R,R,NYM,ATL,S,4,4,1,1,2017,-8.806310977249705,9.628012685230752,-0.463765867773986,1.3853677232347,null,null,null,0,2,top,133.5,142.88,173325,2017-04-03T17:33:25Z,425784,427269,170403_173329,2.91,-141.841327525671,-11.66,-17.88,33.42,-12.62,3.65,1.75,null,null,null,97.23,2153,6.22,490098
SI,61,2017-04-03,98.76,-0.420750856300489,6.46832253435765,Noah Syndergaard,461314,592789,Groundout,Ball,217.204,2840.64,55.1,4.1,11,Matt Kemp grounds out second baseman Neil Walker to first baseman Lucas Duda.  ,R ,R,R,NYM,ATL,B,4,4,1,2,2017,-8.229762548057856,10.84022420151786,-1.44433221813316,2.96428135703731,null,null,null,0,2,top,133.5,142.88,173342,2017-04-03T17:33:42Z,425784,427269,170403_173346,0.12,-143.546830952711,-8.15,-17,36.42,-9.79,3.65,1.75,null,null,null,98.07,2146,6.18,490098
SL,62,2017-04-03,92.38,-0.302090165644032,6.4626197491071,Noah Syndergaard,461314,592789,Groundout,In play out(s),155.044,891.291,-9,5.9,14,Matt Kemp grounds out second baseman Neil Walker to first baseman Lucas Duda.  ,R ,R,R,NYM,ATL,X,4,4,2,2,2017,1.903202451845352,4.089416203867872,1.22677955202721,1.90365362666324,null,null,null,0,2,top,133.5,142.88,173359,2017-04-03T17:33:59Z,425784,427269,170403_173412,3.4,-134.398691284606,-7.45,3.48,28.91,-24.69,3.65,1.75,147,89.8,-4.36,92.51,2021,6.36,490098
SI,58,2017-04-03,97.1,-0.618316834135707,6.30999243274568,Noah Syndergaard,461314,592789,Groundout,Ball,221.571,2961.961,55.1,4.6,13,Matt Kemp grounds out second baseman Neil Walker to first baseman Lucas Duda.  ,R ,R,R,NYM,ATL,B,4,4,0,0,2017,-9.509299195133051,10.721213146209047,-1.45203221347827,1.68509937653218,null,null,null,0,2,top,133.5,142.88,173249,2017-04-03T17:32:49Z,425784,427269,170403_173254,1.12,-140.996938317519,-10.95,-19.1,32.71,-10.64,3.65,1.75,null,null,null,96.55,2009,6.14,490098